q,count
aardvark,338
aaa,1948
aaron paul,1
a alphabet,964437
aachen,1017
aa logo,2835
aalborg,157
aa meeting,57
aaron rodgers,0
aam panna,240
abstract,20857887
abstract background,18653151
abstract backgrounds,18653334
abstract vector,7895434
abstract design,15085536
abstract pattern,13429019
abstract art,9514296
about us,352092
abstract lines,4383064
abu dhabi,12519
accounting,331402
action,1088049
achievement,850580
acupuncture,6660
accountant,94535
accessories,1374427
accident,211439
active,2734406
acne,20375
academy,56841
advertising,2393243
adventure,930583
advice,312498
administration,169440
advertisement,2393243
advertising design,1442054
ads,473662
addiction,377375
advisor,31662
advertising agency,21720
aeroplane,61912
aerospace,17324
aerial view,339230
aerobics,167249
aerial,453366
aesthetics,47529
aerobic,167249
aesthetic,47529
aerosol,15711
aeroplane vector,29608
africa,858773
african,1065263
afternoon tea,38375
african pattern,145353
african american,317029
african woman,325827
african american woman,172745
african american family,15056
africa map,133905
african people,418370
agriculture,2788113
agenda,176191
agency,121843
agreement,429975
agent,233333
agile,56461
aging,3103255
agility,56461
age,3103255
agave,14787
ahead,97690
ahmedabad,425
ahead of the competition,3778
aha,1042
ahoy,985
ahead of the curve,4313
ahi tuna,2227
aha moment,427
ahead of the pack,498
ahead of the game,855
airplane,356525
airport,228221
air conditioning,33661
air,1490486
air conditioner,28740
air balloon,120976
airport terminal,41875
aircraft,262780
airplane icon,145812
airplanes,356523
ajman,497
ajanta caves,380
ajaccio,829
ajvar,836
ajmer,216
ajanta,418
ajax,802
aji,1077
ajuga,343
ajna,858
ak 47,4114
akihabara,71
akita,5266
akureyri,832
akron ohio,481
akshardham,50
akita inu,2610
akaroa,532
akan,252
akko,832
alphabet,964437
alice in wonderland,4152
alcohol,881516
alarm clock,214749
alien,153384
aloe vera,19123
almonds,178883
alaska,50950
almond,178883
allergy,66415
american flag,211142
amsterdam,36630
ambulance,107208
american football,67770
amusement park,50520
america,1303841
amazon,39964
amp,13356
amp flu treatments,13
american,1568509
animals,5300359
animal,5300254
analytics,152139
anchor,111939
anniversary,1114869
angel,208639
animal print,198056
analysis,635207
angel wings,73743
android,36579
aorta,9684
aol,16
aomori,2546
aortic valve,310
ao dai,1712
aortic,566
aortic aneurysm,125
aosta,5003
aoi matsuri,3
aoshima,72
apple,890978
apples,890977
app,1428721
apartment,768977
apps,1428727
apple watch,2715
apron,115706
apple tree,138593
application,881461
app icon,1266451
aquarium,165073
aqua,460940
aquarium fish,137637
aquarius,22608
aquaculture,12867
aquarium background,104037
aqua background,331300
aqua park,14751
aqua fitness,7633
aquamarine,32351
arrow,2005989
arrows,2005986
art,17657413
architecture,5028654
art deco,273183
arrows vector,1302389
architect,289900
army,265505
artist,3547232
arabesque,249226
astronaut,52445
asia,2907687
asian family,91526
asian,3571586
asphalt,254125
asparagus,75602
asthma,14281
asian woman,947910
assessment,59287
astrology,172389
atm,55311
athlete,1048137
atatürk,0
attention,385173
athens,32342
atom,183178
athletics,1048140
atlanta,4057
atm machine,19638
atv,3367
australia,275626
autumn,3080259
audience,146513
automotive,198773
automation,77918
autism,5636
audit,53558
auction,43776
auto,566759
autumn leaves,1278167
avocado,111100
aviation,208810
avatar,337178
avengers,594
avatars,337172
avalanche,10076
avocados,111104
aviator,208807
aviator sunglasses,8076
avocado isolated,37403
award,451675
awards,451677
awesome,82284
award icon,279092
awareness,98192
awning,16792
awards background,235467
award ribbon,132071
award background,235467
award ceremony,58701
axe,50949
axis,20180
axe vector,23781
axes,50949
axolotl,204
axle,5865
axon,3364
axe isolated,22154
axl rose,1
axe wood,18817
ayurveda,29655
ayers rock,306
ayutthaya,35038
ayurvedic,10119
ayurvedic herbs,5897
ayrton senna,0
ayurveda massage,6909
ayurvedic medicine,7517
ayia napa,1446
ayahuasca,159
aztec,138224
aztec pattern,117115
azerbaijan,13856
azores,6337
azalea,16780
aztec print,82217
aztecs,138220
aztec vector,99205
aztec design,111385
aztec calendar,1275
background,56850393
banner,5770706
baby,1894660
basketball,99015
baseball,95399
background texture,19805257
balloon,677653
balloons,677654
bathroom,462192
badge,1630846
bbq,272240
bbq grill,237687
bbq party,43713
bbq ribs,33768
bbq sauce,74074
bbq background,136868
bbq chicken,70966
bbq food,256179
bbq family,4955
bbq logo,3703
bce,217
bc logo,333
bc forest,2235
bcp,55
bcg,84
bcg matrix,42
bc place,824
bc mountains,4271
bc transit,21
b cell,1230
bd logo,313
bds,8
b day,4492
b delicate woman,38
b double truck,20
b double,397
ndebele,109
ndt,709
nda,240
nd,2714
beach,2749201
beer,301855
beauty,23876781
bear,300156
bedroom,345279
beautiful woman,8931751
bee,209738
beach party,93428
bed,719544
beauty salon,352087
b font,19306
bfi,2
bf logo,223
bg vector,2298
bg blue,4557
bg design,5861
bg logo,416
bg texture,8750
bg green,2753
bg red,1554
bga,63
bg vintage,1129
bg wood,623
bhutan,10908
bharatanatyam,560
bhangra,237
bhaktapur,1131
bhopal,305
bhutan people,412
bharatpur,424
bhangra dance,160
bhakti,774
bhaji,2060
birthday,1684798
bird,1774414
bicycle,278893
birds,1774493
bike,317202
birthday cake,275108
billboard,409028
big data,39021
birthday card,772966
birthday party,1243860
bjj,152
björk,0
bjp,12
bj logo,204
bjd,31
bg,22387
bg vector,2298
bg blue,4557
bg design,5861
bg logo,416
blue background,10424605
black and white,8515449
black background,10292821
blackboard,515144
blue sky,5187425
blog,328765
blue,16353098
blueprint,151349
blood,378332
blurred background,2770091
bmw,301
bmx,5089
bmi,2096
bmw cars,237
bmw m3,18
bmx bike,4665
bmw car,237
bmw i8,19
bmw series,4
bmx jump,3259
bnsf,13
bnp paribas,1
bnei brak,50
bnc,485
bnp,23
bny mellon,0
bnc cable,398
bni,7
bnc connector,432
background,56850393
book,2217650
books,2217648
box,2122397
boat,868328
boxing,102109
border,2927355
bowling,30417
bokeh,1324514
bow,960803
bottle,1158475
bpo,94
bpa,764
bpm,1537
bpa free,428
bp oil spill,24
bp logo,337
bp oil,33
bph,120
bp machine,18
bpo services,45
b q,3899
background,56850393
business,15033414
beach,2749201
banner,5770706
baby,1894660
beer,301855
book,2217650
birthday,1684798
butterfly,609882
brain,294146
brochure,1272124
breakfast,2463353
bread,1171745
brochure design,1390945
brick wall,800504
bridge,631287
branding,762384
bride,578304
brochure template,1207982
bs logo,195
bse,61
bsc,46
bsa,42
bsl,18
bsi,11
bskyb,0
b symbol,37939
bsd,40
bsb,24
bts,1279
btl,77
bt tower,28
b to b,101324
bt logo,221
bts skytrain,533
bts bangkok,1016
btp,400
btn,122
btr,182
business,15033414
butterfly,609882
business people,4925929
building,4725079
business card,1556618
business man,3182487
business meeting,827164
button,5052282
business woman,2143574
bus,152970
bvi,714
b vitamins,5121
b vector,36222
bvb,15
b vitamin,5121
bbva,20
background,56850393
business,15033414
beach,2749201
banner,5770706
b w,28626
bw background,18908
bwindi,508
bw portrait,7756
bw photo,3835
bw flowers design,361
bw logo,605
bw pattern,10638
bwindi national park,410
bw abstract,14665
byron bay,1272
bye,10572
bye bye,10572
byzantine,22718
bypass,5747
bytes,23306
by the pool,476004
by the sea,4294158
byblos,427
byte,23305
bs,1994
bs logo,195
bse,61
bsc,46
background,56850393
bsa,42
bsl,18
bsi,11
business,15033414
bskyb,0
car,1226615
calendar,689734
cat,726182
cake,1345939
camera,1513694
cars,1226589
cartoon,4354695
carnival,346044
call center,159704
camping,239855
cbd,6818
cbt,405
cb radio,1115
cbs,39
cbgb,0
cbr,31
cbc,601
cb logo,332
cbrn,1
cbd oil,83
cctv,24923
cctv camera,22325
cctv security,22463
cctv icon,11004
cctv security system,17749
cctv cameras,22325
cctv monitor,15899
cctv screen,750
cctv sign,9687
cc logo,413
cd cover,30178
cd case,6643
cds,100578
cd player,10912
cd cover design,24834
cd icon,36111
cd template,24071
cd box,10522
cd design,53251
cd label,14000
certificate,452587
celebration,7010395
cell phone,2414370
celebrate,7010487
cellphone,451091
celebration background,6129004
ceo,107541
celebrity,35044
certificate border,114426
cell,906689
cfo,1078
cfl,2442
cfl bulb,2333
cfd,220
cfl lightbulb,1419
cfl bulbs,2332
cfc,257
cfl light bulb,2240
cf logo,209
cfa,431
cgi,74351
cg car,1122
cgmp,26
cgi car,1152
cg background,54651
cgi landscape,875
cg art,30668
cg people,29766
cgi city,187
cgt,9
chocolate,1070539
children,3712429
christmas,4146175
chinese new year,137535
chicken,753116
cheese,946765
chef,349342
chalkboard,399675
character,2560707
chess,105433
city,3895036
cinema,285114
circle,4998450
circus,125352
cityscape,938202
city skyline,501068
circles,4998456
city street,1562123
circle pattern,1916496
circuit board,125963
ck,734
chocolate,1070539
children,3712429
christmas,4146175
ck logo,213
chinese new year,137535
chicken,753116
cheese,946765
chef,349342
chalkboard,399675
ck logo,213
kitchen,2239191
kids,2745841
kids playing,751696
key,1036721
knowledge,781747
kitchen interior,268066
keyboard,566561
kids background,1809994
king,308105
clouds,4738142
clock,749526
cloud,4738142
classroom,283441
cloud computing,362146
cleaning,169477
clothes,3630419
clock icon,594308
climbing,371605
clean,3652978
cmyk,28566
cms,5050
cmyk concept,8293
cmyk ink,8351
cmyk background,17280
cmyk printing,15292
cmyk logo,870
cmyk splash,887
cmyk abstract,12555
cmo,332
cnc,7158
cnc machine,6583
cnc machining,6583
cn tower,765
cny,1640
cnc milling,3612
cnn,42
cn tower toronto,738
cng,345
cnc machines,6583
coffee,1764612
computer,4720046
construction,3362976
couple,1737412
communication,4951841
compass,181490
cooking,2925982
coffee cup,1075346
community,645818
cow,263681
cpr,2652
cpu,45965
cpa,1606
cpr training,1097
cpap,194
cpu icon,18984
cpd,176
cpg,6
cpr dummy,852
cpm,334
cqb,306
question mark,165469
quality,1060406
quotes,377444
question,357321
quicksand,549
questions,357317
quote,377444
quiz,26714
queen,176026
crown,324587
creative,7391190
credit card,237196
cricket,21240
crowd,365048
cross,1350889
creativity,7391217
crossfit,6595
cruise ship,160842
cream,1513827
csr,4326
csi,2540
css,13090
csa,124
cs logo,272
csr icon,385
cska,10
c section,3932
csv,595
css3,673
ct scan,4328
ct scanner,1629
cthulhu,158
cta,315
cto,219
ct scans,4328
ctrl,399
ctr,623
cta button,65
ct logo,276
customer service,401237
cupcake,296464
customer,1116589
cupcakes,296464
cup,2031101
cube,557235
curtain,321662
cuba,47746
cute,8109689
culture,3612215
cv template,2225
cv icon,7115
cv writing,2497
cv design,6622
cvs,52
cv icons,7115
cva,489
cv infographic,1795
c vector,35823
cvv,666
cw logo,216
woman,12433607
wedding,2222970
water,7626198
white,39659660
wood,6575806
world map,1092583
watercolor,1351453
wine,765250
wood texture,1990374
x,309337
xray,43482
x-ray,97810
x ray,97810
xmas,2438458
x logo,15272
xbox,201
xylophone,4616
xian,2960
xmas tree,760387
cycling,387375
cyber security,70303
cyclist,74128
cycle,387370
cyprus,34912
cyber,184668
cyborg,56502
cyber crime,29202
cylinder,111861
cycling race,53371
czech republic,106018
czech,143606
czech flag,12439
czech republic map,4149
czech republic flag,10193
czech money,3478
czech food,9434
czechoslovakia,8798
czech map,5569
czech beer,2485
data,1961674
dance,626718
dandelion,119561
dancing,626719
data center,58502
dancer,267128
database,174548
daisy,425033
dashboard,52799
dad,187984
dba,108
dbs,4
db logo,437
db5,0
db9,47
db icon,3569
db schenker,0
dbms,170
tbilisi,8690
tb,2341
dc skyline,1561
dc comics,23
dc metro,232
dc logo,476
dc map,635
dc monuments,9912
dc capitol,8407
dc motor,218
dc flag,4863
dc comic,23
ddos,770
d day,8606
ddt,185
ddos attack,702
ddp,38
dd logo,340
ddr,2858
ddd,18
d d,125908
dds,74
design,32018914
design elements,11807435
desk,1408402
dentist,148750
delivery,527553
desert,707188
deer,188803
dessert,2951277
development,1237717
dental,197351
dfw,108
dfw airport,96
dfs,30
dfg,2
dfds,8
df mexico,350
d font,16902
dp,364
dps,99
dpi,1205
dg logo,253
d g,2868
grass,3992985
golf,120060
globe,941705
garden,4926276
gym,586885
gold,3407926
girl,9545382
gift,3600880
dhow,1923
dhl,69
dhol,226
dhaka,1486
dha,1528
dhow cruise,214
dhoni,147
dharma,11796
dharamshala,137
dhaulagiri,1037
diamond,768633
digital,5694553
dinner,2791056
dinosaur,54522
diamonds,768624
diet,4289983
disney,164
diabetes,50392
digital marketing,426442
discount,607283
dj party,67473
dj vector,63211
dj mixer,18194
dj logo,3702
dj background,79173
dj turntable,14984
dj set,11315
dj music,130272
dj equipment,55684
djs,186
dkny,0
d logo,17489
d letter,31851
dl flyer,442
dl brochure,582
dl envelope,157
dl leaflet,573
dlr,227
d logos,17489
d logo design,16059
d letter logo,16288
dmv,250
dmt,384
dmz,188
dms,106
dmx,13
dm logo,214
dmc,31
dmp,257
dmitri mendeleev,12
dme,35
dna,122634
dna vector,57438
dna strand,14913
dna helix,25608
dna icon,50847
dna background,73592
dna molecule,68878
dna sequencing,9214
dna logo,6758
dna spiral,20348
dog,911428
doctor,872041
door,884503
dogs,911433
doctors,872040
doodle,2037038
doodles,2037040
doctor and patient,255459
documents,1845393
dolphin,35073
dps,99
dpi,1205
dp logo,316
dpf,6
dpr,192
dpd,4
dp world,1
dprk,348
adp,88
ad poster,151911
dog,911428
design,32018914
doctor,872041
diamond,768633
dubai,42218
data,1961674
digital,5694553
dragon,169422
design elements,11807435
desk,1408402
dragon,169422
dream,1039954
drawing,6720239
drinks,3460942
drone,46236
dress,2186253
drink,3460930
driving,759595
drop,1854498
drinking water,624309
dslr,20983
dslr camera,18076
ds logo,211
dsl,5277
dslr video,2526
dslr lens,12546
dsp,271
dsm,50
dst,412
dsf,2
dtm,60
dth,0
dt logo,184
dth tv,0
dtp,636
dts,43
dtc,361
dog,911428
design,32018914
doctor,872041
dubai,42218
duck,182657
dubai skyline,8202
dust,460215
dublin,8699
dubrovnik,13538
dumbbell,165847
ducks,182663
düsseldorf,0
dumbbells,165847
dvd,59222
dvd case,5489
dvd player,13530
dvd cover,8962
dvd box,8542
dvds,609
dvd icon,27015
dvr,348
dvd disc,27766
dvt,46
dwarf,29796
dwarfs,29796
dwayne johnson,0
dwi,413
dwarf man,3215
dwarfism,170
dwelling,109758
dwarf rabbit,3679
dwarka,71
dwarves,29796
dxa,18
dxf,57
dxa scan,16
dynamic,1016838
dynamic background,909471
dynamite,20491
dyslexia,951
dying,75560
dye,374354
dynamics,1016837
dystopia,310
dynamic backgrounds,909472
dynamic lines,543540
dslr,20983
dslr camera,18076
ds,569
ds logo,211
dsl,5277
dslr video,2526
dslr lens,12546
dsp,271
dsm,50
dst,412
easter,818115
earth,1292399
easter eggs,409887
eagle,99095
easter bunny,135028
easter egg,409885
easter background,589028
earth day,75545
eating,5071538
ear,606283
ebook,40957
ebola,11492
ebooks,40957
ebay,86
ebook icon,18497
ebola virus,8916
ebook cover,5671
ebony,7704
ebook pile,594
e book,85005
ecommerce,125880
ecology,1740263
eco,972915
economy,1163776
eco friendly,144975
economics,460636
eclipse,24960
e-commerce,292411
ecosystem,145480
economic,460640
education,3208046
education icon,867411
education concept,1407223
edinburgh,10971
education icons,867417
education logo,81205
education background,2089699
editorial,35200
education technology,587858
edge,718607
eel,34787
eeg,1472
eels,34784
eerie,18950
eeoc,1
eerie forest,3416
eeyore,27
eel vector,1811
eel fish,31836
eelgrass,56
efficiency,247389
effect,3653729
efficient,247389
effects,3653767
effort,126012
effective,42276
efficiency icon,102081
efficiency concept,152828
effectiveness,42276
effective communication,7195
egg,990003
eggs,990001
egypt,158918
eggplant,114485
egyptian,79917
eggs benedict,2875
egyptian hieroglyphics,14353
egypt flag,8772
egypt map,6812
ego,14739
ehealth,577
ehr,266
ehs,830
e health,15111
ehrenbreitstein fortress,62
easter,818115
education,3208046
exposure,198191
earth,1292399
energy,3402613
eiffel tower,53728
einstein,2067
eid,84811
eid mubarak,59037
eiffel,56686
eiffel tower vector,15557
eiffel tower night,2275
eiffel tower isolated,7304
eilat,5777
eight,227091
eject,13911
ejaculate,1116
e juice,2344
ejection seat,87
ejection,13909
eject button,11063
eject seat,87
ejector seat,26
easter,818115
ijen,1847
ekg,26759
ekg line,15858
ekg heart,24887
ekg monitor,16977
eko,607
ekg background,13759
ekaterinburg,1651
ek onkar,87
ek balam,255
ekg testing,12041
elephant,158925
electricity,882718
elevator,38518
electrician,50373
electronics,1744545
elements,13688635
elderly,306495
elegant,7402949
electric,1328609
elegant background,5400398
email,432572
email icon,297876
employees,662345
embroidery,227989
emblem,1957932
empty room,597977
employee,662348
emoticons,134377
email marketing,65645
emergency,459173
energy,3402613
engineering,1119420
environment,3750594
envelope,360237
engineer,1119421
entrepreneur,354308
engine,550442
endless time,2197
entertainment,1210318
engagement,375632
eod,385
eos,533
eon,314
eoraptor,40
eoc,0
eolian,949
eosinophil,859
eosinophils,859
e office,78359
e on,701976
epilepsy,2111
eps,1283095
epic,17015
ephesus,4899
epoxy,1161
epidermis,7239
epiphany,3987
epidemic,51053
epidural,260
epcot,2
equalizer,155338
equality,155338
equestrian,83529
equipment,5068017
equity,23182
equation,37095
equal,155336
equilibrium,35580
equations,37095
equine,82852
eraser,88403
erotica,17918
error,72267
erp,4981
ergonomics,13662
erectile dysfunction,1228
ergonomic,13662
erection,26051
erp software,2354
erosion,157009
espresso,541174
essential oils,49173
escalator,33309
escape,129860
estate planning,72465
estate,854178
eskimo,6406
essential oil,49173
escher,3256
estate agent,57566
ethnic,1756249
ethnic pattern,679769
ethics,31106
etiquette,23382
ethiopia,13472
etching,77014
ethnic bird,25877
ethnic people,682304
ethernet,31958
ethnic family,47244
europe,2607101
europe map,250654
euro,332782
eucalyptus,16997
european union,139539
euros,332781
euro money,255997
european flags,172791
europe map vector,109592
european,1732352
event,1999575
events,1999579
evolution,104587
evaluation,74939
event icon,430165
everest,18850
evil,289683
event management,40321
events icon,430169
evening sky,580926
ewe,18955
e waste,662
ewan mcgregor,0
e wallet,8612
ewer,3029
ewok,23
ew logo,214
ews,654
e word,61895
exposure,198191
exercise,1429369
explosion,536980
exhibition,213075
experience,371167
executive,870245
excellence,155213
extreme sports,268855
expert,111119
excavator,73485
eye,3059949
eyes,3059903
eye icon,235868
eyelashes,144376
eyeglasses,178726
eyebrows,101145
eyebrow,101145
eyeliner,21333
eye glasses,150001
eye doctor,31421
eze,569
eze france,525
ezekiel,62
ezine,11
ezekiel bread,10
ez pass,1
ezra,17
espresso,541174
essential oils,49173
escalator,33309
family,2089538
fashion,8491807
facebook,4192
farm,1982431
fathers day,112021
factory,508110
face,5942885
farmer,280916
fashion model,2847816
fabric,3211623
fbi,3004
fbi agent,1560
fbi badge,144
fb icon,317
f b,3335
fb logo,323
fb cover,76
fbo,4
fbi building,70
fbi agents,1560
fc barcelona,142
fcc,328
fca,44
fcb,21
fc logo,186
fc barcelona logo,1
fc bayern,6
fcb logo,1
fc barcelona flag,1
fc liverpool,22
fda,638
fdr,246
fda approved,273
fdi,43
fdny,72
fdic,9
fda approval,273
fdr memorial,67
fda building,9
fda regulation,145
feather,835975
festival,2889120
feedback,117168
feet,655093
feathers,835906
fence,525318
ferrari,246
ferris wheel,26077
fear,397819
female,10639778
ffa,23
ff logo,191
ffestiniog,89
fff,20
ffestiniog railway,39
ffm,115
f font,15971
iftar,10881
flowers,8632483
family,2089538
fgm,10
fg logo,240
f grade,480
fha,189
fha loan,127
f hole,1088
f h,3402
dhow,1923
dhl,69
flowers,8632483
dhol,226
dhaka,1486
family,2089538
fitness,1865914
fish,1290778
fire,1165892
fireworks,310360
finance,2744758
fishing,455706
field,3258457
film,508489
financial,1693980
fitness woman,1072887
fjord,53244
fjords,53245
fjord norway,35698
fjords norway,35697
fj logo,178
fjord horse,412
fj cruiser,0
fjords iceland,5881
fitness,1865914
fish,1290778
fka twigs,0
flowers,8632483
flower,8632509
floral,5421804
flyer,634942
flag,1780646
floral pattern,3339189
flower pattern,3339207
flower vector,2200140
flags,1780644
floor,2215393
fm radio,9964
fmri,47
fm logo,417
fmx,376
fms,23
f monogram,3207
fmea,78
fm radio logo,241
flowers,8632483
family,2089538
fnb stadium,0
fnac,5
fnb,1
font,1035086
fonts,1035119
fonts vector,588665
fondue,7541
fond design,10218
font design,786117
font vector,588664
food,12919239
forest,3276500
football,426571
font,1035086
fonts,1035119
folder,374399
fox,71030
food icon,1009407
focus,2165411
food truck,13317
fpso,37
fps,356
fpga,66
fpc,40
fpv,675
fp logo,153
fps game,62
f p,1720
food,12919239
forest,3276500
f q,2071
flowers,8632483
family,2089538
food,12919239
flower,8632509
fashion,8491807
fitness,1865914
frame,5704942
fish,1290778
forest,3276500
frame,5704942
friends,2290270
fruits,4097217
free,1116968
fruit,4097254
frames,5704949
freedom,1591287
friendship,1083105
france,526089
fruits and vegetables,789595
fsc,13
fsu,12
fsa,22
fs logo,177
fsh,93
fso,2
f scott fitzgerald,6
fsb,267
fsm,271
fsi,7
ft lauderdale,447
ftp,2834
ftth,107
ftse,148
fta,97
ft lauderdale beach,269
ftp icon,1273
ftse 100,52
ftc,38
ft worth,29
future,1233922
furniture,801131
funny,2611731
fun,5350525
futuristic,1948599
funnel,29230
funeral,37003
funny animals,809775
future technology,504910
futuristic background,1739097
f vector,21659
flowers,8632483
family,2089538
food,12919239
flower,8632509
fashion,8491807
fitness,1865914
frame,5704942
fish,1290778
forest,3276500
fw logo,169
fw de klerk,0
f word,4560
f wing,925
fx trading,1534
fx logo,171
fx icon,423
fynbos,914
fyi,405
fyodor dostoevsky,23
fyn,209
physiotherapy,25276
if you can dream it you can do it,1448
if you can dream it,2557
physical therapy,32637
fitness,1865914
physics,135113
fsc,13
fs,224
fsu,12
fsa,22
fs logo,177
fsh,93
fso,2
f scott fitzgerald,6
fsb,267
fsm,271
garden,4926276
gardening,4926268
galaxy,284450
game,1731303
garlic,454758
garage,149008
games,1731303
gas station,71695
gas,440714
gay,56703
gbp,7009
gb flag,3016
gb logo,264
gbp money,6630
gbp usd,2672
gb icon,1604
gb map,750
gbp eur,2413
gbs,10
db,4375
gcc,706
gcc map,20
gchq,6
gcc flags,196
g clef,12737
gcse,143
gc logo,237
gcc skyline,52
gcc countries,121
gcc flag,196
gdp,2086
gdynia,2874
gd logo,246
gds,2
gdp icon,511
gdp growth,1045
gda,37
gdr,642
dg,295
g design,36349
geometric pattern,2618176
geometric,3665600
gears,583278
geometric background,3188230
gear,583278
germany,355582
geometric shapes,2212188
geometric patterns,2533611
geek,54897
gentleman,160546
gfci,13
g force,373
gf logo,225
g font,17888
gfci outlet,8
gfp,23
gg logo,264
g g logo,17594
g g,52800
g globe,249
grass,3992985
golf,120060
globe,941705
garden,4926276
gym,586885
gold,3407926
ghost,190608
ghana,11193
ghetto,11737
ghosts,190608
ghee,4764
ghetto blaster,1300
ghost town,11084
gherkin london,1025
ghent,3390
gherkin,15472
girl,9545382
gift,3600880
gift box,795915
girls,9545536
gift card,1422579
giraffe,62380
gifts,3600960
ginger,232928
giving,541350
gift icon,640301
gym,586885
gymnastics,194625
gym workout,580402
gym equipment,153635
gynecology,10989
gymnast,194625
gypsy,23367
gym woman,965166
gym logo,16129
gymnasium,30188
gk logo,205
g key,11353
kitchen,2239191
kids,2745841
kids playing,751696
key,1036721
knowledge,781747
kitchen interior,268066
keyboard,566561
kids background,1809994
globe,941705
glasses,1066849
glass,4183340
global,1683122
glitter,1261073
globe icon,938231
globe vector,432816
glass of water,542247
glamour,2359181
gluten free,32901
gmo,13556
gmail,41
gmo free,4066
gmp,538
gmc,14
gmail icon,17
gm logo,222
gmo food,10742
gmos,588
gmail com,41
gnome,12253
gnocchi,6874
gnomes,12253
gnat,5445
gnome isolated,3593
gnu,2872
gnarled tree,5009
gneiss,643
gnc,2
gnome vector,3998
golf,120060
gold,3407926
gold background,2422202
google,5012
goat,110991
golf course,56570
goal,732038
gold texture,784449
goals,732036
golf ball,65264
gps,149830
gps icon,131255
gps map,127435
gps tracking,4357
gps navigation,118691
gps icons,131256
gps car,8661
gps satellite,8304
gps device,14241
gp surgery,1180
gq man,508
gcc,706
grass,3992985
golf,120060
globe,941705
garden,4926276
gym,586885
gold,3407926
girl,9545382
gift,3600880
grass,3992985
graduation,235710
graffiti,261644
graphic design,12319786
growth,2604986
green background,11305023
graph,962717
green,17263344
graphic,15498795
grunge,5605828
gst,1979
gsm,14407
g string,1205
gs logo,220
gstaad,587
gsm icon,6250
gsa,14
gsm tower,3763
g spot,468
gsk,0
gta,53
gtr,8
gto,43
gt logo,279
gta 5,0
gti,107
gta v,0
gtd,43
gt3,11
gt racing,166
guitar,169795
gun,252650
guide,323025
guns,252644
guarantee,214250
guava,12963
guard,310201
gum,58814
guitar vector,50538
guy,1228516
g vector,33585
gwyneth paltrow,0
gwen stefani,0
gw,323
gwalior,469
gwangju,348
gwyneth paltrow 2015,0
gwyneth paltrow 2014,0
gwanghwamun,1074
gw logo,221
gwyneth paltrow,0
gwen stefani,0
gwalior,469
gwangju,348
gwyneth paltrow 2015,0
gwyneth paltrow 2014,0
gwanghwamun,1074
gw logo,221
gwalior fort,246
gwanghwamun gate,999
gym,586885
gymnastics,194625
gym workout,580402
gym equipment,153635
gynecology,10989
gymnast,194625
gypsy,23367
gym woman,965166
gym logo,16129
gymnasium,30188
gst,1979
gsm,14407
gs,350
g string,1205
gs logo,220
gstaad,587
gsm icon,6250
gsa,14
grass,3992985
golf,120060
hand,9692707
hands,9692572
happy birthday,681349
hair,4665703
happy,11929319
happy family,1305271
happy people,7608929
handshake,174054
happiness,11929167
hawaii,217597
hbo,52
hba1c,274
hbv,486
hb logo,186
hb pencil,157
hbcu,3
h beam,496
hba,259
html,47212
html5,4184
hcg,101
hcv,584
hcm,31
hcl,94
hc logo,191
hcp,5
hca,73
hci,25
hc andersen,9
coffee,1764612
hdr,57638
hd tv,22546
hdd,20813
hdmi,3122
hdtv,18527
hdr images,7366
hdmi cable,1990
hdb,1085
hdr nature,24990
hdr background,15082
heart,2381434
health,7102072
healthcare,1357512
healthy food,6408530
healthy,10676554
hearts,2381436
headphones,360268
healthy lifestyle,2528601
help,1194596
herbs,1811967
h font,15807
flowers,8632483
family,2089538
food,12919239
flower,8632509
fashion,8491807
fitness,1865914
frame,5704942
fish,1290778
forest,3276500
hgv,321
hgv driver,176
hg wells,12
hgtv,2
hgh,127
hg logo,236
h g wells,40
hgv uk,16
kg,12175
kgb,343
hh logo,174
hhh,3
hhs,10
h h,41152
h house,900
dhow,1923
dhl,69
heart,2381434
house,3767063
dhol,226
hipster,936022
hiking,631431
history,1725046
highway,412779
hibiscus,75651
hip hop,52679
hiring,94544
high heels,165800
hipster logo,99521
high five,15333
abstract,20857887
abstract background,18653151
arrow,2005989
arrows,2005986
airplane,356525
apple,890978
art,17657413
animals,5300359
airport,228221
architecture,5028654
hk skyline,1511
hk map,80
hk street,652
hk building,2576
hk logo,187
hk airport,143
hk flag,116
hk dollar,87
heart,2381434
house,3767063
h logo,15675
h letter,28895
hluhluwe,609
h logos,15675
hla,26
h letter logo,14937
hl logo,173
hl7,1
hls,36
h logo design,14358
hmrc,89
h m,2134
hmi,70
hmong,2542
hms belfast,235
hms victory,70
hmo,1254
hm treasury,19
hmm,93
hm logo,216
hnd,64
heart,2381434
house,3767063
hipster,936022
hand,9692707
nature,25855119
home,4669118
health,7102072
honey,350373
hands,9692572
house,3767063
home,4669118
horse,367771
hospital,923986
hotel,623853
honey,350373
hong kong,79595
holiday,9241174
hot air balloon,44961
holi,23648
hpv,1340
hplc,121
hpv virus,1056
hp logo,210
hpv vaccine,471
hp printer,4
hp laptop,8
hpc,16
hp calculator,1
hpa axis,15
hq icon,370
hq logo,179
hq building,166
heart,2381434
house,3767063
hipster,936022
hand,9692707
home,4669118
health,7102072
hands,9692572
hr management,19624
hr people,20239
hr icon,11804
hr icons,11804
hrm,789
hr logo,797
hryvnia,3322
hr manager,19624
hr concept,20798
hr consulting,1897
hsbc,133
hse,630
hs2,3
hsinchu,600
hs logo,177
hsa,37
hsbc hong kong,38
hsbc bank,90
hsv,193
hsbc london,46
html,47212
html5,4184
html code,22988
http,31486
https,1824
htc,44
html icon,23571
html 5,1239
htc one,9
html css,11054
human resources,125385
human body,2041500
human,5185371
hunting,342835
hug,395243
hummingbird,19351
hurricane,33840
hurricane katrina,743
human heart,199551
hungry,206306
hvac,3080
hvac system,2051
hvac technician,369
hvac repair,499
hvar,1966
hvar croatia,1888
hvac icon,598
hvac icons,598
hvar island,1412
hvac logo,51
hwange,1181
hwange national park,1096
hwaseong fortress,534
hwaseong,763
hwy,1393
heart,2381434
house,3767063
hipster,936022
hand,9692707
home,4669118
x,309337
xray,43482
x-ray,97810
x ray,97810
xmas,2438458
x logo,15272
xbox,201
xylophone,4616
xian,2960
xmas tree,760387
hydrangea,43352
hypertension,11734
hygiene,732099
hypnosis,14000
hydroelectric,14062
hydration,33707
hyderabad,2030
hyacinth,39710
hydraulic,37144
hybrid tablet laptops,68
hz muhammed,6
hsbc,133
hse,630
zebra,69476
zen,447011
zombie,63191
hs2,3
zoo,464253
hsinchu,600
hs,407
i am,24410
ian somerhalder,0
i amsterdam,36630
iata,26
i alphabet,964437
iao valley,186
i am sorry,576
i am charlie,92
ian fleming,1
ian ziering,0
ibiza,8350
ibiza party,1075
ibm,123
ibiza beach,4877
ibex,4431
ibs,961
ibiza sunset,1287
ibis,6765
ibiza spain,5570
ibiza night,475
icons,16947822
ice cream,296878
icon,16947946
ice,1634102
icon set,4507431
iceberg,51294
iceland,88074
icons set,4507454
ice cream cone,60122
ice cube,106075
idea,4419543
ideas,4419524
identity,866922
id card,57683
idea concept,3226193
idea icon,1524929
identity theft,13643
ideas concept,3226168
identity template,452602
identification,99904
ielts,13
ied,3691
ied mubarak,447
ierapetra,190
ieee,291
ied fitr,92
ies,3691
iec,66
iep meeting,6
easter,818115
iftar,10881
iftar food,6908
ifc,757
ifrs,81
iftar party,1158
iftar buffet,9
if not now when,1410
if then,99778537
iftar dinner,2664
iftar family,150
igloo,3228
iguana,23231
ignite,93385
iguazu falls,3612
ignore,16817
ignition,24461
iguazu,4385
iggy azalea,0
ignorance,16817
ignoring,16817
i have a dream,12454
i heart,2381434
ihop,2
i heart you,110169
ihs,869
i heart ny,343
i have an idea,21072
iht,2
i have a question,3269
i heart new york,1685
i icon,16947946
iit,24
ii world war,9296
iihf,67
ii logo,502
ii war,9667
i icons,16947822
iittala,17
i initial logo,127019
infographics,911351
ijen,1847
ijsselmeer,1699
ajman,497
ajanta caves,380
ajaccio,829
ajvar,836
ajmer,216
japan,939648
jewelry,523125
jungle,460391
ikat,24781
ikat pattern,24624
ikea,719
ikebana,2250
ikaria,86
ikat patterns,24624
ikat print,20200
ikat seamless,22861
ikea furniture,380
ikon,1957
illustration,30250108
illustration light colors,2898433
illustrations,30249957
illusion,285711
i love you,189178
illustrator,30250108
illness,701046
illumination,1197140
illustration vector,19430976
illinois,24285
imac,2772
imagination,778908
immigration,81820
impact,71336
image,8580103
improvement,495758
images,8580107
impossible,27793
important,183445
imagine,778908
infographics,911351
infographic,911349
innovation,879662
india,537242
invitation,2214103
insurance,357339
internet,5561398
interior design,1843442
interior,2880066
information technology,1506319
iot,9963
ios,8941
iowa,9661
ios icons,5472
ios icon,5472
iodine,7108
ion,9240
ioannina,856
ios 8,72
ios greece,551
ipad,7229
iphone,8350
iphone 6,1506
ipod,457
iphone hand,155633
ipad mini,285
ipad air,571
iphone vector,2512
iphone icon,310544
ipad isolated,325131
iq test,2206
iquitos,705
i quit,49091
iqaluit,59
iquique,274
iq logo,461
iq icon,2337
iquitos peru,663
iqbal,28
iq game,2495
ireland,127826
iron,1139869
irish,131212
iran,38430
iron man,49117
iris,84041
irrigation,46911
ironman,1038
iraq,20749
ironing,1139869
istanbul,60744
island,1466390
islamic,486955
isometric,151517
israel,111813
islamic pattern,244990
islam,486955
isolated,26502848
israel flag,14615
islamic art,170694
italy,957072
italian food,735741
italian,1167837
it support,365125
italian flag,24343
italy map,21983
it security,1533777
italian restaurant,232824
it technology,2806645
italy flag,37884
iud,208
iu design,610
i understand,47634
ui,468174
umbrella,304625
university,647016
ui design,377211
ui elements,255894
underwater,431743
urban,2992295
ivy,66567
ivf,1693
iv bag,2301
ivory,57910
ivory coast,4846
iv drip,5416
ivy isolated,14054
ivy league,821
ivy wall,28311
ivr,30
iwatch,686
i want you,11832
iwo jima,111
iwo jima memorial,65
i watch,638996
i want,62041
i wish,386373
i won,14230
i will,41066
iwc,6
ixtapa,124
ixtapa zihuatanejo,82
ixodes ricinus,543
ixia,305
nixon,42
icons,16947822
ice cream,296878
icon,16947946
ice,1634102
nixie,821
iyengar yoga,491
iyengar,494
iya valley,67
i yoga,350851
yoga,350851
yogurt,182461
yacht,205700
yellow background,7097632
young people,9217536
youth,1780808
izakaya,437
iznik,1247
izhevsk,222
izola,122
izumo,358
izrael,155
izu,1153
izborsk,436
iznik tiles,966
izumo taisha,128
japan,939648
jazz,105710
japanese,1383590
japanese pattern,132579
james bond,3068
japanese food,394515
jamaica,20554
jaguar,13592
jam,267732
jar,380504
jbeil,213
jbl,3
jb logo,195
jbs,0
j brand,8505
j b,2026
gbp,7009
gb,15047
gb flag,3016
gb logo,264
jcb,149
jcb digger,112
jc chasez,0
jc penney,0
jc logo,162
jcpenney,0
j class,69
j crew,5
jc penny,0
j cole,0
jdm,57
jd logo,168
j design,20403
jewelry,523125
jesus,135581
jeans,627546
jewellery,98785
jerusalem,30321
jellyfish,25944
jeep,8426
jesus christ,90916
jelly,161111
jet,195442
jfk,287
jfk airport,74
j flashcards,95
jf kennedy,1
j flag,654
j f kennedy,15
j font,14326
kg,12175
kgb,343
grass,3992985
golf,120060
globe,941705
kgalagadi,4687
garden,4926276
gym,586885
kg icon,4576
gold,3407926
jharkhand,147
hj,168
jhansi,7
jhon lennon,1
jhs,155
j hook,53
japan,939648
jewelry,523125
heart,2381434
house,3767063
jigsaw,115170
jigsaw puzzle,108884
jigsaw pieces,82455
jimi hendrix,3
jihad,874
jim morrison,9
jigsaw piece,82455
jigsaw puzzle pieces,81442
jiuzhaigou,2652
jicama,925
jj market,234
jj watt,0
jj logo,149
jj abrams,0
j jb,182
gg,416
gg logo,264
background,56850393
easter,818115
flowers,8632483
jk rowling,0
j k rowling,1
jk logo,162
nj,2621
jk bridge,35
j k simmons,0
jk simmons,0
nj transit,23
nj map,128
japan,939648
j logo,12492
j letter,24581
j logos,12492
j lo,4
j letter logo,12117
j logo design,11605
japan,939648
jewelry,523125
jungle,460391
juice,957857
jm logo,161
j monogram,3160
j mendel 2015,0
j mendel 2015 new york fashion,0
gmo,13556
gmail,41
gmo free,4066
gmp,538
gm,2167
gmc,14
gnome,12253
gnocchi,6874
jonah,206
jon stewart,0
gnomes,12253
jon hamm,0
jonny wilkinson,0
jones beach,149
jonathan,410
joni mitchell,1
job,1931023
journey,1002742
jogging,163075
job interview,51634
jobs,1931020
joy,3313231
journalist,60200
job search,89638
johannesburg,2688
journal,178124
jp morgan,4
jpg,104419
jpeg,69752
jpmorgan,4
jpy,4604
jpg icon,76378
jp morgan chase,1
jp logo,201
j p morgan,26
jps,47
jquery,110
japan,939648
jewelry,523125
jungle,460391
juice,957857
jesus,135581
job,1931023
journey,1002742
jeans,627546
jazz,105710
jrotc,29
j r r tolkien,2
jr ewing,5
japan,939648
jewelry,523125
jungle,460391
juice,957857
jesus,135581
job,1931023
journey,1002742
js logo,348
jse,8
jsf,0
json,27
jsa,170
j s bach,7
j s,1906
japan,939648
jewelry,523125
jungle,460391
juice,957857
jesus,135581
job,1931023
journey,1002742
jeans,627546
jazz,105710
japanese,1383590
jungle,460391
juice,957857
justice,172549
jump,491670
jumping,491680
judge,108931
jungle background,249133
just married,28873
junk food,238642
judo,15538
jvc,4
j vector,17515
g vector,33585
gv,229
vintage,10976627
valentines day,1510712
vector,22142226
vegetables,3862111
vintage background,10958850
valentine,2478184
jw marriott,6
jw marriot,1
jw marriott marquis,1
jw marriott dubai,1
japan,939648
jewelry,523125
jungle,460391
juice,957857
jesus,135581
job,1931023
jylland,154
jigsaw,115170
jigsaw puzzle,108884
japan,939648
jewelry,523125
jigsaw pieces,82455
jungle,460391
juice,957857
jesus,135581
jimi hendrix,3
js,1299
js logo,348
jse,8
jsf,0
json,27
jsa,170
j s bach,7
j s,1906
karaoke,62530
kangaroo,19908
karate,50678
kaleidoscope,259067
kale,34347
kayak,31090
kayaking,31091
karting,4232
katy perry,2
kashmir,18271
kb logo,177
kbc,0
k b,2398
kgb,343
key,1036721
background,56850393
keyboard,566561
business,15033414
keys,1036734
beach,2749201
k cup,89
kcal,839
kc logo,191
kc royals,2
k cups,89
ck,734
cctv,24923
coffee,1764612
ck logo,213
car,1226615
k design,21809
kd logo,158
ksa,1456
kitchen,2239191
kids,2745841
kg,12175
kgb,343
kids playing,751696
key,1036721
ks,437
key,1036721
keyboard,566561
keys,1036734
keep calm,10261
kebab,72264
ketchup,102408
kenya,81060
kerala,19479
key icon,607733
kettlebell,11312
kfc,112
kfc chicken,102
kfc bucket,2
kfc logo,2
k flashcards,116
kfc front,2
kfc meal,94
k font,15054
kgb,343
kgalagadi,4687
kg icon,4576
kg logo,506
kg weight,11148
khaki,23843
khajuraho,2174
kheer,1630
khao lak,1869
kharkov,953
khaki pants,812
khmer,34253
khabarovsk,662
kharkiv,787
khalifa tower,1258
kitchen,2239191
kids,2745841
kids playing,751696
kitchen interior,268066
kids background,1809994
king,308105
kite,33268
kid,2746032
kiss,297852
kiwi,169685
kkk,32
kk logo,196
kitchen,2239191
kids,2745841
ck,734
kids playing,751696
key,1036721
ok,242022
knowledge,781747
kitchen interior,268066
k logo,13763
klcc,2130
klimt,230
klaipėda,3
klm,43
kleenex,80
k letter,26363
kl tower,1426
kl skyline,1329
klezmer,59
kmart,3
km logo,217
km icon,1703
k monogram,3293
km sign,2556
kms,66
km counter,327
k m,2405
cmyk,28566
money,2267704
knowledge,781747
knight,98007
knife,539931
knitting,289895
knot,264044
knife and fork,210075
knee,76989
knee pain,18962
knit,289882
knowledge icon,218815
korea,123862
koala,10935
korean,260781
korean food,39687
koi fish,12314
koi,13368
korea map,8342
kolkata,2982
korean pattern,9806
koh samui,10963
kpi,3159
kpmg,1
k pop,197
kpi icon,373
kp logo,165
kpk,37
kpi dashboard,258
kitchen,2239191
kids,2745841
kc,295
kids playing,751696
key,1036721
k cup,89
knowledge,781747
kitchen interior,268066
kcal,839
kc logo,191
kraft paper,48459
krishna,6978
kraków,0
kraft,51515
kremlin,36289
kruger national park,30507
krabi,26128
krill,2181
krav maga,419
kraft paper texture,37696
ksa,1456
ksa flag,173
ks logo,163
ksa map,95
ksa skyline,21
ksa landmarks,153
kshatriya,6
ksa buildings,253
ksa landmark,153
ksa logo,34
ktm,61
ktx,4
ktc,0
ktv,38
kt logo,158
kt tape,2
ktm motocross,16
k t logo,446
kitchen,2239191
kids,2745841
kuwait,11800
kuala lumpur,11722
kung fu,9588
kuwait flag,5865
kuwait city,1292
kuwait towers,438
kuala lumpur skyline,3063
kuwait skyline,357
kurt cobain,15
kudu,3647
kvass,2357
kvarner,1304
kvm,88
k vector,19739
kwazulu natal,2575
kwanzaa,680
kwh,490
kwan yin,632
kwame nkrumah,30
kwa zulu natal,164
kwashiorkor,2
kwai,2382
kwanza,188
kwazulu,2633
kyoto,40543
kyrgyzstan,11380
kyiv,11388
kylie jenner,4
kyoto japan,36122
kylie minogue,6
kyushu,6444
kyrenia,815
kyoto garden,15201
kyphosis,258
ksa,1456
ks,437
ksa flag,173
ks logo,163
ksa map,95
ksa skyline,21
ksa landmarks,153
kshatriya,6
ksa buildings,253
ksa landmark,153
labrador,59949
landscape,6642401
laptop,1382713
label,4490270
layout,1579061
labrador retriever,43775
law,355052
laboratory,409185
lawyer,158206
lace,704824
lbd,106
lbj,63
lb logo,200
lbs,1239
background,56850393
business,15033414
beach,2749201
banner,5770706
butterfly,609882
business people,4925929
lcd tv,50355
lcd,144848
lcd screen,133262
lcd display,108814
lcd monitor,133261
lcd television,50354
lcd panel,15357
lcd tv screen,44436
lcd screens,125001
lcd soundsystem,477
lds temple,364
ldl,805
lds,425
ldpe,295
lds missionary,3
lds temples,364
ldl cholesterol,725
ld logo,193
ldl hdl,581
ldr,29
leaf,8022661
leadership,680827
leaves,8022579
lemon,744930
learning,1622602
leader,538679
letters,2863919
letter,2863878
lego,3708
leopard,63667
l flashcards,190
lfc,0
l font,15227
l vector,21116
lviv,13104
lvov,5134
lv,564
lv logo,211
lviv ukraine,7200
lvt,0
lgbt,18167
lgbt flag,9836
lgbtq,1845
lg g3,1
lg phone,27
lgbti,124
lgbt family,1827
lg g4,4
lgbt couple,4040
lg tv,17
lhasa apso,464
lhasa,3304
lhasa tibet,2719
lhc,86
lhotse,4137
lhasa apso puppy,200
l hand,4070
lhd,13
heart,2381434
house,3767063
lion,180574
living room,469194
light,11753988
lifestyle,6914499
light bulb,508452
library,347450
lines,7734098
life,4783244
lips,930362
lighthouse,103426
ljubljana,4497
ljubljana castle,909
ljubljana slovenia,4247
ljubljana dragon,345
ljubljana market,223
ljubljana city,2737
ljubljana landscape,1182
ljubljana at night,376
japan,939648
jewelry,523125
lk logo,148
kitchen,2239191
kids,2745841
kids playing,751696
key,1036721
knowledge,781747
kitchen interior,268066
keyboard,566561
kids background,1809994
king,308105
llama,8602
l logo,13519
lloyds of london,450
llamas,8602
llandudno,603
llc,734
lloret de mar,1430
lloyds building,390
lloyds,634
lloyd's building,85
lms,174
lmfao,18
lm logo,199
lme,14
l monogram,3325
lmu,1
money,2267704
music,1490434
mothers day,413023
map,1595398
lng,1326
lng tanker,472
lng ship,771
lng carrier,618
lng plant,464
lng terminal,93
lng tank,689
lng truck,54
lng vessel,232
lng storage,448
logo,1950793
love,6288490
london,147472
logos,1950700
logo design,12557325
logistics,188404
london skyline,16864
los angeles,19030
logo elements,1000536
lotus,291658
lpg,3800
lp record,7451
lpg tank,1517
lpg gas,2824
lpg car,656
lpg tanker,172
lpg massage,539
lpg cylinder,672
l plate,1338
lpga,37
labrador,59949
logo,1950793
love,6288490
landscape,6642401
london,147472
laptop,1382713
label,4490270
question mark,165469
quality,1060406
lion,180574
lrt,210
lr logo,159
l ruler,112
r logo,15374
ribbon,1929125
road,2078385
running,781050
restaurant,2446105
ramadan,148192
real estate,629074
lsu,17
ls logo,200
lse,24
lsi,80
ls models,2
l shape,12676
lsat,8
lsu football,7
l symbol,24790
l s logo,600
lte,3646
ltl,13
lt logo,181
lte icon,2246
ltd,624
ltc,337
l train,321
alternative medicine,200999
alternative,527585
alternative energy,163303
luxury,3050683
lunch,2405825
luggage,223867
luxury background,1891708
luxury lifestyle,445578
lungs,70435
luxury car,55955
lunch box,38547
luxury home,345891
luxury interior,504534
lviv,13104
lvov,5134
lv logo,211
lviv ukraine,7200
lvt,0
lvmh,0
lv bag,2
l vector,21116
lviv tram,137
lviv panorama,895
lwów,0
w logo,14117
woman,12433607
w letter,26447
wedding,2222970
water,7626198
white,39659660
wood,6575806
world map,1092583
watercolor,1351453
x,309337
xray,43482
x-ray,97810
x ray,97810
xmas,2438458
x logo,15272
xbox,201
xylophone,4616
xian,2960
xmas tree,760387
lynx,10449
lychee,10682
lying,805676
lyon,5754
lymphatic system,1760
lyon france,5061
lyme disease,1471
lymphatic drainage,1115
lying down,114544
lyrics,9638
lsu,17
ls,534
ls logo,200
zebra,69476
zen,447011
zombie,63191
lse,24
zoo,464253
lsi,80
ls models,2
map,1595398
marketing,3980245
man,8204479
magnifying glass,227772
massage woman hands,71990
massage,318686
magazine,367507
makeup,1404118
make up,758215
management,2174347
mba,10264
mba students,4725
mba programs,642
mbs,53
mba student,4725
mbti,8
mbk,52
mbta,42
mbira,54
mba classroom,1416
mcdonalds,770
mclaren,131
mcg,25
mcqueen,66
mcdonald's,66
mc donalds,30
mcdonalds restaurant,108
mcdonald,770
mclaren p1,4
mc donald,30
mdf,1108
mdina,1377
mdina malta,1369
mdm,114
md logo,359
mdf board,843
money,2267704
music,1490434
mothers day,413023
mdf texture,777
medical,2212942
meeting,963841
menu,1251864
mexico,221730
meat,1573085
medicine,2515721
meditation,600997
memorial day,65299
metal texture,1058169
metal,4167901
mfp,1102
m font,17902
mfm,20
mfd,22
mf logo,175
mfc,2
m flashcards,234
nfl,2086
nfc,6010
nfl football,2058
mgm grand,10
mgm,22
mgm lion,2
mg logo,196
mg car,21
mgb,8
mgm logo,0
mgm grand las vegas,10
mgm grand vegas,10
ngo,1969
mh logo,206
mh 17,5
mhl,63
mh 370,3
m heart,1677
m house,1057
m h,2134
m h logo,690
money,2267704
music,1490434
milk,924870
microphone,253666
mirror,459625
military,384060
milk splash,38900
miami,30848
mining,122958
microscope,103227
mint,457391
mind,354537
mjolnir,59
mj logo,160
mgm grand,10
mg,901
mgm,22
mgm lion,2
mg logo,196
mg car,21
mgb,8
mgm logo,0
mkt,11
mkb,0
mk logo,168
mkv,1693
mckinley,1340
mckinney texas,49
mckinsey,2
mckenzie river,128
mckinney,69
m logo,18715
mlk,648
mlb,465
mlm,1713
m letter,33382
mlk day,484
mljet,515
m logos,18715
mls,123
mlk memorial,61
mma,6528
mma fighter,5164
m m,61438
mma cage,921
mma gloves,2305
m ms,159
mms,42983
mm logo,397
mma logo,714
mma vector,2749
mnemonic,346
mnemonics,346
mn logo,170
mnc,21
mnm,51
mna,40
umno,4
money,2267704
music,1490434
mothers day,413023
money,2267704
mothers day,413023
mountain,2791989
mother,1207157
motorcycle,94270
mobile,2360228
mountains,2792032
moon,402425
mobile phone,1341191
model,4420216
mp3 player,58682
mp3,95750
mp3 icon,42233
mp3 player isolated,23366
mpumalanga,2659
mp logo,223
mpc,24
mps,65
mp5,391
mpls,81
mcqueen,66
mcdonalds,770
money,2267704
music,1490434
mothers day,413023
map,1595398
marketing,3980245
man,8204479
medical,2212942
mcqueen cars,4
mri,6613
mri scan,5386
mri machine,1606
mrt,1601
mr mrs,946
mr and mrs,946
mrsa,489
mri scanner,2472
mr t,61
mr bean,5
msg,739
msds,2
ms logo,169
msn,129
msu,966
msm,74
ms office,169
ms excel,1
msc,91
msp,34
mtb,7776
mt fuji,11779
mt everest,2619
mt rushmore,436
mt rainier,2849
mt hood,1655
mtv,120
mtr,388
mt shasta,182
mtskheta,1398
music,1490434
music notes,217268
music background,850018
music festival,123828
museum,263790
muscle,541766
mushrooms,418696
mustache,181362
mushroom,418680
mug,707551
mvp,255
m vector,28268
mv logo,181
mv agusta,1
mvp logo,2
mvc,15
mvp icon,61
m vintage,6024
vintage,10976627
valentines day,1510712
mwc,0
mw logo,245
mwanza,73
mwc 2015,0
m w,2119
m word,5829
amway,5
medical,2212942
meeting,963841
menu,1251864
mx rider,232
mystery,601845
myanmar,62774
mykonos,15086
mystic,434191
myth,58691
mystical,434189
mythology,109296
mysterious,601824
mykonos greece,14441
myths,58693
mz logo,155
money,2267704
music,1490434
mothers day,413023
map,1595398
marketing,3980245
man,8204479
medical,2212942
mountain,2791989
milk,924870
nature,25855119
nature background,16163929
nails,340855
nautical,358946
natural,25860171
naked,352817
nail polish,91308
nail,340870
nature landscape,5150483
navigation,1060149
nba,1508
nba basketball,1488
nbc,130
nba logo,129
nba player,720
nba court,485
nbn,31
nba playoffs,37
nba players,720
nba finals,82
ncaa basketball,237
ncaa,836
ncaa football,626
ncaa bracket,69
ncr,11
ncc,405
ncaa tournament,130
ncis,1
nc state,728
nc mountains,1761
ndebele,109
ndt,709
nda,240
nd logo,226
nd filter,1223
on demand,39064
ondemand,11
on desk,1408402
on demand icon,15221
on deck,222022
new york,152768
newspaper,188351
news,338253
network,2328899
new york city,108746
new,5553456
newsletter,213568
networking,2328894
new year,2364593
new york skyline,45565
nfl,2086
nfc,6010
nfl football,2058
nfl stadium,652
nfl player,1016
nfl football field,889
nfl draft,6
nfc payment,4347
nfl logo,72
nfl helmet,906
ngo,1969
ngorongoro crater,3814
ngo logo,90
ngorongoro,7375
nguni,214
nguni cattle,150
ngo icon,125
ngong ping,566
ngos,4
ngv,300
nhs,1304
nhl,476
nha trang,1801
nha trang vietnam,1595
nhl hockey,399
nha trang beach,1017
nhat tan bridge,37
nhs nurse,490
nhs hospital,887
nh3,49
night sky,711519
night,2308830
night city,543346
ninja,18022
night club,199010
nightclub,143040
niagara falls,5640
nigeria,14906
nightlife,216806
nike,888
nj transit,23
nj map,128
ngo,1969
ngorongoro crater,3814
on job training,58478
ngo logo,90
ngorongoro,7375
nguni,214
ng,730
nguni cattle,150
n logo,14887
nlp,427
n letter,27904
n logos,14890
n letter logo,13790
nl shop,10
nlrb,4
n logo design,13538
nature,25855119
new york,152768
nmr,78
n monogram,3353
on mobile phone,1264734
on mobile,2360228
mma,6528
mnemonic,346
on mountain,2791989
on motorbike,55741
on my way,1935
on my mind,1302
n n,57330
n n n,57330
nature,25855119
new york,152768
newspaper,188351
on one knee,12316
news,338253
network,2328899
numbers,1510412
notebook,1300512
notebook,1300512
note,1895017
notepad,379179
noodles,245033
norway,129196
notes,1894901
nose,337550
no smoking,40047
northern lights,28877
note paper,1074522
nps,961
npo,87
npp,165
np logo,175
npr,79
npl,70
npc,22
npd,27
npv,72
nfl,2086
ngo,1969
ngorongoro crater,3814
ngo logo,90
ngorongoro,7375
nguni,214
ncaa basketball,237
ng,730
nguni cattle,150
ncaa,836
ngo icon,125
nrl,2
nri,13
nra,384
nr 1,228
nrl ball,2
nrl football,2
nrf,8
nr logo,149
new york,152768
rna,3429
nsa,1035
nsw,7488
nsw map,44
nsw police,5
nsx,1
ns logo,183
nsa surveillance,644
nsync,0
nsf,14
n seoul tower,923
nt logo,169
nts,13
ntt,24
ntr,1
n tower,1575
ntc,2
entrepreneur,354308
entertainment,1210318
entrepreneurship,21103
enterprise,85444
numbers,1510412
nude,241024
nurse,352705
nutrition,3466764
nuts,628782
number,1510527
nudes,241023
nurses,352711
nursery,104839
number 1,185582
nvidia,7
nvr,24
n vector,24484
on vacation,3844022
invitation,2214103
investment,1278855
vintage,10976627
invitation card,1747992
on vector,3045711
valentines day,1510712
nwa,8
nwo,29
nw logo,157
new york,152768
newspaper,188351
news,338253
network,2328899
nature,25855119
new york city,108746
new,5553456
nyc,56221
nyc skyline,27844
nyse,205
nyc subway,3377
nylon,39254
ny skyline,13345
nyc street,12554
nypd,101
nymph,23916
nyc buildings,32952
nz flag,426
nz map,85
nz money,233
nz beach,2345
nz fern,574
nzd,198
nz farm,1006
nz police,11
nz bush,789
nz landscape,8684
oak tree,238721
oats,151271
oatmeal,83090
oak,458166
oasis,27080
oat,151271
oak leaf,125682
oak leaves,125692
oak trees,238721
oak tree silhouette,21978
obesity,76576
obama,919
objects,10118281
object,10118236
objectives,128667
objective,128671
obstacles,42626
obese,76578
obstacle course,3109
obstacle,42626
ocean,2758250
octopus,65007
ocean waves,880262
ocean background,2009848
ocean wave,1122989
octagon,129586
occupational therapy,14332
ocean water,2756128
occupations,1374362
octopus vector,19552
odd one out,5023
odometer,7201
odontology,1988
odd,33667
odessa,11811
odor,44535
odyssey,988
odin,1134
odds,33667
odour,5389
oem,667
oecd,49
oesophagus,213
oedipus,176
oedema,85
oestrogen,184
oenothera,633
oenology,3718
oersted,13
oeiras,85
office,4597187
office interior,395447
office desk,970112
office building,1118680
office people,4539762
offer,667473
office workers,784391
office background,8840753
office space,574574
office table,970111
ogre,5144
ogee,1453
ogo,235
ogden utah,140
ogee pattern,1342
ogilvy,27
ogrodzieniec,520
ogasawara,177
ogunquit,68
ogden,292
ohio,12707
ohrid,1575
oh no,572
ohm,5995
ohio state,5485
ohio state university,61
ohio map,3083
ohm symbol,1915
ohio state football,33
oh my god,2608
oil,1205361
oil rig,29810
oil and gas,175426
oil painting,101223
oil refinery,69517
oil drop,103152
oil gas,175426
oil and gas industry,138914
oil platform,21178
oil splash,63914
ojai,297
oj simpson,1
ojibwe,69
ojai ca,95
ojibwa,63
o j simpson,0
ojibway,15
ojai california,270
ogre,5144
ogee,1453
oktoberfest,48846
okinawa,31230
oklahoma,6182
okra,7647
ok icon,131562
oklahoma city,2067
ok hand,102711
ok sign,176004
okay,68343
okavango delta,6298
old paper,3218942
olive oil,235987
old man,682575
old people,1096048
olive,477444
old map,103443
old woman,665789
olives,477457
old couple,134935
olive tree,41416
oman,25267
omelette,24352
omega 3,30195
omni channel,741
omelet,35309
omega,72021
omg,4798
oman flag,4460
omani,3248
om symbol,10473
online shopping,286349
online,1348145
onion,753025
online marketing,332504
online learning,129717
online banking,100619
online education,136954
one,6537377
online shop,286346
onions,753024
oops,8911
ooty,254
oolong tea,5037
ooh,250
oocyte,548
oolong,5040
ooze,7131
ooh la la,25
ood,738
oort cloud,13
open book,261198
open door,161144
opportunity,326655
open,2014498
optical illusion,84184
options,457555
opera,48562
opening,2014500
open sign,451955
open window,80829
office,4597187
orange,5721247
ocean,2758250
owl,113455
oil,1205361
office interior,395447
origami,443930
online shopping,286349
old paper,3218942
open book,261198
orange,5721247
origami,443930
orchid,262026
organic,5067687
ornaments,5853093
ornament,5853151
orange background,4027594
orange juice,327607
orchestra,61935
organization,447303
oscar,740
oscars,740
oscar statue,13
osteoporosis,17568
ostrich,19756
oslo,7497
osaka,17581
oscar award,69
osteopathy,2847
osteoarthritis,4556
ottoman,149132
otter,6619
ottawa,8486
ottoman pattern,102191
ottoman design,101272
other,294058
otters,6619
ottawa canada,7528
otolaryngology,827
other icon,40596
outdoor,11160232
outsourcing,10271
outdoors,11160278
outdoor advertising,99686
outer space,87769
outfit,211224
outlet,59519
outdoor party,160076
outdoor furniture,58918
outdoor activities,1062216
oven,146542
overweight,107627
overview,37863
overwhelmed,14537
oval frame,34826
overalls,61646
overweight woman,33540
oval,224942
overhead,167735
overweight man,20852
owl,113455
owls,113465
owl vector,60995
ownership,54368
owner,117596
owl icon,21921
owl logo,3689
owl isolated,33504
owl pattern,27481
owl silhouette,11606
oxygen,102073
oxford,5893
oxygen mask,6137
oxford university,2098
oxford street,758
oxford street london,271
oxygen tank,3281
oxygen cylinder,1877
oxygen molecule,12191
oxytocin,191
oysters,42004
oyster,42004
oyster shell,19895
oyster mushroom,9590
oyster pearl,4458
oyster card,1028
oyster mushrooms,9590
oysters isolated,12859
oysters on ice,3602
oyster sauce,5425
ozone,117131
ozone layer,4195
ozone hole,629
ozarks,885
ozark mountains,297
ozzy osbourne,5
ozone therapy,55
ozzy,204
ozon,117131
ozone depletion,203
pattern,15783842
party,3375062
paper,8460414
paris,167672
patterns,15782698
paint,3896559
painting,1831488
park,4285825
packaging,1147833
palm tree,430674
pbx,533
pb j,108
pbs,7
pbr,1
pb logo,276
pbj,58
pbm,0
pbx icon,2
pbc,10
pbx phone,487
pcb,9217
pc icon,2018988
pc monitor,1004195
pc computer,854724
pc screen,1004140
pc repair,15407
pcr,1429
pc gaming,26706
pc laptop,4750439
pc gamer,4523
pdf icon,17584
pdf,18000
pda,58802
pdf download,13606
pdca,1309
pdf icons,17585
pdf download icon,13313
pdf file,10720
pdq,9
pdf document,13900
people,15711471
pencil,1070604
pen,1181290
people icon,1643054
peacock,56280
pets,1509842
peace,995510
performance,677976
person,15711492
people icons,1643207
pfizer,91
pfd,65
pfeiffer beach,594
p flashcards,293
p font,15311
p fitness,214
pga,636
pga golf,594
p g,1866
pga tour,60
pg logo,250
pgd,0
pgp,46
pg tips,2
pg e,531
ogre,5144
phone,2012943
photography,1413782
photo frame,593869
pharmacy,473372
photographer,196777
phone icon,1721760
photo,2332283
photo booth,5095
physiotherapy,25276
pharmacist,76463
pizza,202380
picnic,278161
pineapple,147602
piggy bank,125627
pig,211876
picture frame,593883
piano,67394
pirate,95073
pills,320392
pink background,3727593
pjs,981
pj party,189
pj harvey,0
pku,23
pkk,30
pki,11
pk logo,148
pkp,105
pc keyboard,448145
kitchen,2239191
kids,2745841
kids playing,751696
key,1036721
plane,429639
plate,3107135
plant,8595744
planning,1712518
plants,8595745
playground,149290
plan,1712447
playing cards,128136
plumbing,88529
planet,844481
pms,2605
pmo,43
pmi,62
pmp,16
pm logo,180
pm2 5,96
pmr,73
pmma,60
pmc,957
pma,46
png,3244
pneumonia,9907
pneumatic,9110
pneumatics,9109
pnl,0
pneumatic drill,1126
pnc park,12
pneumothorax,97
pneumatic tools,3037
pneumatic hammer,1038
poster,2916840
polaroid,49
pop art,164200
pool,476004
portrait,8200407
post it,737056
popcorn,60855
power,2987310
police,150652
podium,57221
ppe,2606
ppc,5433
ppt,1949
ppt template,556
ppt background,1090
ppt templates,555
ppt icon,1475
ppi,96
ppt design,913
pp logo,238
pattern,15783842
people,15711471
party,3375062
paper,8460414
pizza,202380
paris,167672
phone,2012943
patterns,15782698
poster,2916840
puzzle,294964
presentation,2089231
pregnant,221886
princess,132759
pregnant woman,203119
process,756680
project management,195660
protection,2161867
pregnancy,221431
printing,3070896
professional,3013922
psychology,108944
psychedelic,229629
psychologist,13385
psychotherapy,9737
psoriasis,3077
psychiatrist,12863
psd,587
psychic,5907
psychiatry,16153
psychedelic background,208831
ptsd,1919
pterodactyl,2235
pta,347
ptolemy,738
pteranodon,489
pto,62
pterosaur,998
ptuj,162
ptt,102
ptarmigan,813
puzzle,294964
puzzle pieces,123170
puppy,437173
purple background,1915019
pub,215368
purim,3591
pumpkin,434843
pug,23753
purple,2490886
public relations,24756
pvc,23305
pvc pipe,7584
pvc pipes,7584
pvc window,2127
pvc windows,2127
pvc banner,193
pvc floor,1021
pvc bag,1309
pvc profile,1335
pvc doors,744
pwc,156
pw logo,157
pwllheli,11
pwd,25
owl,113455
owls,113465
owl vector,60995
ownership,54368
owner,117596
owl icon,21921
pyramid,137612
pyramids,137604
pyramids egypt,20409
python,17448
pylon,56843
pyramid chart,11444
pyjamas,9588
pyramid vector,46681
pylons,56846
pyramid egypt,20409
psychology,108944
psychedelic,229629
psychologist,13385
psychotherapy,9737
psoriasis,3077
psychiatrist,12863
psd,587
psychic,5907
psychiatry,16153
psychedelic background,208831
qatar,18021
q a,33070
qatar flag,6877
qatar skyline,908
qatar map,2360
qatar airways,51
qatar people,2102
qatari,2725
qantas,11
q and a,33070
cqb,306
qube,95
background,56850393
business,15033414
beach,2749201
banner,5770706
baby,1894660
quba mosque,36
beer,301855
book,2217650
qcm,8
coffee,1764612
car,1226615
city,3895036
chocolate,1070539
computer,4720046
construction,3362976
clouds,4738142
calendar,689734
cat,726182
dog,911428
design,32018914
doctor,872041
diamond,768633
dubai,42218
data,1961674
digital,5694553
dragon,169422
design elements,11807435
desk,1408402
qe2,23
question mark,165469
quality,1060406
quotes,377444
question,357321
quicksand,549
questions,357317
quote,377444
quiz,26714
queen,176026
q fever,31
qufu,37
flowers,8632483
family,2089538
food,12919239
flower,8632509
fashion,8491807
fitness,1865914
frame,5704942
fish,1290778
cgi,74351
grass,3992985
golf,120060
cg,115624
globe,941705
garden,4926276
gym,586885
gold,3407926
girl,9545382
gift,3600880
q heart,680
heart,2381434
house,3767063
hipster,936022
hand,9692707
home,4669118
health,7102072
hands,9692572
happy birthday,681349
hair,4665703
qigong,970
qi gong,449
qingdao,1138
qipao,4101
qing dynasty,3347
qin shi huang,17
qinghai,1468
qingming,81
qibla,84
qingming festival,66
japan,939648
jewelry,523125
jungle,460391
juice,957857
jesus,135581
job,1931023
journey,1002742
jeans,627546
jazz,105710
japanese,1383590
ck,734
kitchen,2239191
kids,2745841
kids playing,751696
key,1036721
ck logo,213
knowledge,781747
kitchen interior,268066
keyboard,566561
kids background,1809994
q logo,12558
q letter,24591
q logos,12558
qld,1166
q letter logo,12022
labrador,59949
logo,1950793
love,6288490
landscape,6642401
london,147472
qms,118
qumran,289
cmyk,28566
money,2267704
music,1490434
mothers day,413023
map,1595398
qumran caves,159
marketing,3980245
man,8204479
nature,25855119
new york,152768
newspaper,188351
cnc,7158
news,338253
network,2328899
numbers,1510412
cnc machine,6583
notebook,1300512
nude,241024
qom,136
qol,431
office,4597187
qos,16
coffee,1764612
question mark,165469
quality,1060406
quotes,377444
computer,4720046
question,357321
qpr,1
pattern,15783842
people,15711471
party,3375062
paper,8460414
pizza,202380
paris,167672
phone,2012943
patterns,15782698
poster,2916840
cctv,24923
background,56850393
easter,818115
flowers,8632483
business,15033414
woman,12433607
dog,911428
family,2089538
labrador,59949
infographics,911351
qr code,6754
qr code icon,4354
qr codes,6754
qr code vector,4338
qr code scan,4062
qr icon,4650
qr scan,4098
qr scanner,821
qr code scanning,4062
qr code phone,3556
question mark,165469
quality,1060406
quotes,377444
question,357321
quicksand,549
questions,357317
quote,377444
quiz,26714
queen,176026
quinoa,14722
q tip,776
q tips,776
qutub minar,1143
travel,8563199
tree,7003409
technology,8280675
texture,16736251
table,5175392
t shirt,388823
team,1774736
question mark,165469
quality,1060406
quotes,377444
question,357321
quicksand,549
questions,357317
quote,377444
quiz,26714
queen,176026
quinoa,14722
qvc,1
q vector,17784
vintage,10976627
cv,19755
valentines day,1510712
vector,22142226
vegetables,3862111
cv template,2225
vintage background,10958850
valentine,2478184
qwerty,9498
qwerty keyboard,6726
qwest field,7
qwest,7
cw,609
woman,12433607
cw logo,216
wedding,2222970
water,7626198
white,39659660
x,309337
xray,43482
x-ray,97810
x ray,97810
xmas,2438458
x logo,15272
xbox,201
xylophone,4616
xian,2960
xmas tree,760387
gym,586885
gymnastics,194625
gym workout,580402
gym equipment,153635
gynecology,10989
gymnast,194625
gypsy,23367
gym woman,965166
gym logo,16129
gymnasium,30188
qs,208
zebra,69476
zen,447011
zombie,63191
zoo,464253
zumba,716
zodiac,163623
zipper,41740
zentangle,78183
zombies,63197
ramadan,148192
rainbow,683665
rain,845828
radio,312058
rabbit,224994
ramadan kareem,66803
racing,686534
race,686548
raspberry,273961
race car,154319
rbs,11
r b,2832
rbc,869
rb logo,175
rba,466
rbi,87
r b music,482
rbcs,43
background,56850393
business,15033414
rc car,444
rcmp,11
rc cars,444
rc helicopter,1648
rc logo,382
rc plane,833
rca,2207
rc model,1216
rcp,17
rcd,39
r d,3013
rd logo,228
r d icon,707
rdf,62
rds,85
rdx,104
rdp,10
r d lab,157
r design,27918
arduino,340
restaurant,2446105
real estate,629074
retro,9505883
red background,10210937
red carpet,60486
relax,4425622
retail,1204884
research,915182
recycle,628605
recruitment,121742
rfid,1733
rfid tag,611
rfp,226
rfid tags,611
rfid reader,321
rfid icon,137
rfid card,572
rfid chip,432
rf lifting,146
rf logo,182
rgb,16842
rgb colors,12591
rgb cmyk,3858
rgb led,2564
rgb icon,2911
rg logo,252
rgb color,12591
rgb logo,272
rgb lights,4708
rgb light,4708
rhino,27339
rhubarb,6784
rhinoceros,26401
rhodes,20033
rhodes greece,14417
rhythm,118092
rhododendron,16460
rhombus,180030
rhode island,16286
rheumatoid arthritis,5218
ribbon,1929125
rice,643028
river,1570483
ribbons,1929374
risk,562964
ribbon banner,537252
rio de janeiro,30881
ring,936180
risk management,75644
ribbon vector,984650
rj45,7337
rj 45,2168
rj logo,191
rj11,143
rgb,16842
rgb colors,12591
rgb cmyk,3858
rg,395
rgb led,2564
rgb icon,2911
rk logo,159
r kelly,4
r logo,15374
r letter,28887
r logos,15380
r letter logo,14612
rl logo,151
r logo design,14108
r lion o,72
r logotype,11346
lrt,210
ribbon,1929125
rmb,4602
rm logo,171
rmit,1
rma,68
r monogram,3929
rms titanic,12
rms,60
rms queen mary,2
rmb sign,842
army,265505
rna,3429
rnb,1165
rnli,110
rnb party,265
rna strand,628
rn logo,162
rnai,6
rnc,21
rnd,34
rna dna,2374
road,2078385
rose,1337829
robot,153680
roses,1337920
room,1912845
rocket,164573
rope,434876
rock,2858754
rome,114255
road sign,733098
rpg,2721
rpm,6168
rpm gauge,2274
rpo,29
rpm meter,3040
rpg game,1435
rpg ui,535
rpg icon,618
rpg dice,233
rpa,111
rc,3852
rc car,444
rk,491
rcmp,11
rk logo,159
rc cars,444
r kelly,4
rc helicopter,1648
rc logo,382
rc plane,833
rrsp,52
rr logo,211
r r,48038
rrp,12
r r logo,15379
ribbon,1929125
road,2078385
running,781050
restaurant,2446105
ramadan,148192
rsvp,7590
rss,30544
rss icon,27538
rsvp card,6989
rss feed,15446
rsi,233
rsvp icon,403
rsvp button,12
rsc,48
rs logo,189
rtb,380
rta,219
rtg,561
rtd,151
rti,5
rto,164
rt logo,179
rtv,23
rta dubai,13
rtc,9
running,781050
runner,178870
rugby,42059
run,781127
russia,478779
runners,178870
running shoes,86969
ruler,161922
running man,210759
rugby ball,31713
rv camping,3397
rvs,22
rv travel,4152
rv park,1300
rv camper,3306
rv icon,2440
rv isolated,1821
rv family,885
rv interior,175
rv vector,2711
rwanda,7118
rwanda woman,57
rwanda flag,3451
rwanda map,1252
rwanda genocide,124
rwanda gorilla,966
rwd,73
rwanda landscape,275
rwanda hills,69
rwanda people,296
rx symbol,4203
rx icon,3932
rx pad,704
rx bottle,2526
rx logo,725
rx icons,3932
rx prescription,9647
rx vector,3381
x,309337
xray,43482
rye,207381
ryan gosling,0
rye bread,150934
ryanair,2
ryan reynolds,0
rye field,74967
ryder cup,2
ryokan,435
rye grain,146615
rye isolated,56451
rsvp,7590
rss,30544
rss icon,27538
rsvp card,6989
rss feed,15446
rs,1020
rsi,233
ribbon,1929125
rsvp icon,403
road,2078385
sad,597447
sale,2287514
salad,1221232
sandwich,345210
safety,1452243
sand,1781556
sales,2287762
save the date,151689
san francisco,31924
salmon,288400
sb logo,181
sba,91
sberbank,7
sbb,14
s b,3473
sbs,41
s background,885439
s b logo,729
background,56850393
business,15033414
school,2234477
science,2121904
scale,464646
scissors,225457
scroll,678539
scientist,143996
scarf,342003
scrapbook,780691
school bus,39924
school kids,550364
sd card,5563
sdk,117
sdn,76
sds,95
sdlc,101
sd logo,494
sd card icon,3108
sdf,86
s design,502064
sdk icon,84
selfie,95056
sea,4294158
security,1533777
sexy,2590696
service,2261729
seamless pattern,3455381
seo,179719
server,247234
seal,817907
services,2261525
sf giants,22
sfp,358
s font,43538
sf logo,238
sfo,99
sfo airport,26
sfa,4
sfx,202
sforza castle,870
sfu,9
sg logo,232
sg 50,11
sgs,10
sgt pepper,2
sgx,3
sgi,5
sga,2
s g,2464
s g logo,699
s green,240433
shopping,2912333
shoes,705585
shield,323067
sheep,152047
shopping bag,439028
ship,909885
shop,2912580
shopping cart,268521
shark,41065
shapes,10373267
silhouette,5583107
singapore,63218
sign,14548913
silver,1799942
silver background,1336449
singer,81960
signs,14547595
silk,678560
signage,99716
simple,3727481
sj logo,156
japan,939648
jewelry,523125
jungle,460391
juice,957857
jesus,135581
job,1931023
journey,1002742
jeans,627546
jazz,105710
sky,8631275
skull,227819
skyline,681924
skateboard,55359
sketch,2362026
skin,2279165
sky clouds,3304542
skiing,182060
skin care,878488
ski,182060
sleep,448118
sleeping,448114
slot machine,12075
s logo,39772
slide,147217
slippers,63314
slate,132914
sleeping baby,95277
sleeping woman,100464
sloth,3412
smile,7974106
smoke,1120077
smartphone,673650
small business,207714
smoothie,133174
smart phone,702475
smiley face,110429
smoking,1120117
smart,1468947
smoothies,133171
snow,2353324
snake,124189
snowflakes,1033606
snacks,3156913
sneakers,114869
snowflake,1033427
snowman,129930
snail,87248
snowboard,57900
snack,3156915
social media,684203
soccer,365622
social media icons,413032
software,423704
sofa,458021
soccer ball,294959
soccer player,149018
soup,335822
social network,791253
social,1489923
spring,6688954
spa,1127525
sports,3539363
space,8914988
sport,3539366
splash,1353648
spring background,4535443
speed,1374191
speech bubble,684340
spring flowers,3382030
square,3071526
squirrel,59380
square pattern,1244566
squares,3071560
squash,139741
squid,74266
squat,17159
square background,2286706
squeeze,50706
square logo,83489
sri lanka,42814
sriracha,1172
sri lanka flag,3745
srinagar,1568
sri lanka beach,9991
sri lanka people,4931
sri lanka tea,3442
sri lanka map,1547
sri lanka food,4381
sri lanka tourism,10680
ssl,5000
ssd,1580
ss logo,240
ssh,172
ss great britain,36
s shape,245059
sss,198
ssl certificate,880
s symbol,365324
ssd icon,982
stamp,1334485
stars,2871524
strawberry,668164
star,2871478
students,1603905
street,2054670
student,1603946
sticker,1424784
strategy,1089538
stage,358438
summer,12407476
sun,3910025
success,4498216
sunset,2033171
supermarket,264918
summer background,7149851
sunglasses,486256
sunrise,1203943
superhero,63161
support,1208051
svalbard,6371
svg,1140
sveti stefan,2300
svaneti,5619
sverige,1314
s vector,434261
svalbard map,69
sv logo,159
svg files,193
s valentine,452334
swimming pool,252279
swimming,745172
swirl,1644819
sweets,5629674
swirls,1645033
sword,104388
swoosh,34825
switzerland,141730
swimmer,56120
sweet,5629663
sxsw,290
sxs,191
sxsw 2015,0
x,309337
xray,43482
x-ray,97810
x ray,97810
xmas,2438458
x logo,15272
xbox,201
sydney,21121
sydney opera house,1368
syrup,158073
syringe,138244
symbols,19822129
symbol,19820518
system,1146430
synergy,14903
sydney skyline,3746
syria,22746
szczecin,1216
szeged,544
sziget,23
szentendre,198
széchenyi,40
szechuan pepper,1382
szechuan,1975
sziget festival,1
székesfehérvár,2
sziget budapest,18
table,5175392
tablet,1163526
tattoo,448249
target,507047
tag,1675095
taxi,75078
tags,1674824
tax,251282
tape,422203
talking,1230295
tbilisi,8690
t bone steak,6829
t bone,12186
tbt,13
tbm,27
tbi,12
tbilisi georgia,8339
tb logo,179
t ball,11499
tbc,112
tcm,2935
tchaikovsky,155
t cell,3500
t cells,3500
tco,165
tc logo,180
tcp,1145
tcu,3
tcs,1
tcl chinese theatre,0
td garden,2
td bank,10
td logo,164
tds,61
tdm,4
t design,238431
t shirt,388823
t shirt design,202201
t shirt template,66877
tsunami,10904
technology,8280675
texture,16736251
team,1774736
teamwork,1226335
tea,962883
teacher,347327
tennis,103337
template,6385501
technology background,4808511
textures,16738302
tft,6974
tfl,73
tf logo,161
t font,46011
t flashcards,329
travel,8563199
tree,7003409
technology,8280675
texture,16736251
table,5175392
tgif,4317
tgv,73
tgi fridays,1
t graphics,138576
tg logo,199
tgv train,58
tgi friday,1
tgi,18
tgv france,60
t graphic,138564
thank you,137234
thumbs up,284106
thailand,1687723
thinking,1441353
theatre,259304
thermometer,93988
theater,259304
think,1441275
therapy,636599
thought bubble,241152
timeline,52013
time,1925824
tiger,133911
ticket,175912
tie,751229
tire,138189
tiles,2302214
tick,175316
tickets,175914
tie dye,16394
t junction,243
tj maxx,0
japan,939648
jewelry,523125
jungle,460391
juice,957857
jesus,135581
job,1931023
journey,1002742
jeans,627546
tk maxx,0
tko,107
tk logo,161
rk,491
rk logo,159
r kelly,4
travel,8563199
tree,7003409
technology,8280675
texture,16736251
t logo,51894
t letter,80491
tlc,84
t logos,51898
tlingit,161
tlaloc,41
t letter logo,26193
tld,125
tlv,90
tl logo,166
tmj,40
tmnt,1
tmt,11
tms,17
tmd,13
tm logo,186
tmj pain,10
tmj disorder,6
t mobile,8955
tme,62
tnt,4624
tna,7
tn logo,175
tni,8
tnt express,49
tnt vector,1375
tnt icon,1607
travel,8563199
tree,7003409
technology,8280675
tools,2505343
tomato,1425847
toys,1197694
together,2243932
tokyo,59135
toilet,167999
tomatoes,1425802
tooth,671339
torn paper,311887
tourism,3979729
tpv,13
tpc sawgrass,0
tpms,3
tpp,225
tp logo,149
tpm,14
tpl,49
tpo,64
tpc scottsdale,0
tpa,34
tqm,681
travel,8563199
tree,7003409
technology,8280675
texture,16736251
table,5175392
t shirt,388823
team,1774736
tablet,1163526
training,1239834
travel,8563199
tree,7003409
training,1239834
truck,326898
trees,7005061
train,382957
trophy,184556
tropical,3474652
trust,241034
triangle,1093089
t shirt,388823
t shirt design,202201
t shirt template,66877
tsunami,10904
t shirt vector,175523
t shirt designs,202227
t shirt model,60039
t shirts,388874
t shirt icon,70530
t shirt print,122430
tt logo,156
ttc,37
tty,78
ttf,186
t tree,14456
tt races,28
tt race,28
t text,77514
t t logo,51902
t type,42055
turkey,334143
turtle,68095
tulips,379676
tulip,379676
tuna,113282
tuscany,113386
tunnel,110629
tube,493357
tug of war,3360
tuxedo,46299
tv screen,133009
tv icon,206057
tv room,36763
tv studio,19229
tv show,44940
tv set,89813
tv vector,129308
tv remote,33085
tv isolated,161564
tv wall,18225
twitter,3044
twins,67461
twitter bird,1371
twitter icon,1314
two people talking,68808
twister,8894
two,2648966
twist,356325
tweet,16321
twitter logo,457
txakoli,14
txt,3638
x,309337
xray,43482
x-ray,97810
x ray,97810
xmas,2438458
x logo,15272
xbox,201
xylophone,4616
typography,1098687
typewriter,49905
typography design,887088
type,1264288
tyre,57876
typing,1264343
tyres,57862
typo,57608
typography alphabet,730284
typography poster,396545
tzatziki,5331
tzitzit,199
tzedakah,5
tzar,1111
tzipi livni,0
tzatziki sauce,3769
tzatziki isolated,578
t zone,534
tzu,5672
tzotzil,11
uae,34371
uae flag,5197
uae map,1434
uav,16075
uae heritage,1848
uae people,4774
uae skyline,7749
uae national day,1359
uae traditional,14704
uae desert,4506
über,25206312
ubud,6661
ubud bali,6396
ubuntu,9
über car,1233568
über taxi,83568
ubiquitous,403
ubs,223
über driver,169771
ubon,5132
ucla,42
uc berkeley,25
ucc,12
uc davis,10
ucsd,5
ucl,81
uconn,4
ucf,2
ucla campus,4
uci,3
udaipur,1320
udon,9916
udder,19833
udon thani,1703
udon noodles,7453
udine,579
udder cow,17784
udders,19833
udon noodle,7453
udaipur palace,829
uefa,2717
uefa champions league,551
ueno park,798
uefa cup,1403
ueno,1056
uefa champions league logo,48
ue flag,470
uefa logo,191
uefa 2015,3
uefa stadium,749
ufo,58961
ufc,110
ufos,58961
ufo vector,29268
ufa,578
ufo alien,33084
ufo isolated,15282
ufo icon,24270
ufo cartoon,22517
ufo abduction,1484
ugadi,625
uganda,14448
ugly,82183
ugly woman,6965
ugly man,16169
ugly duckling,620
ugly sweater,1220
ugly dog,3867
ugly people,16951
ugg boots,881
uhd,2600
uh oh,116
uht milk,431
uhd tv,1885
uhf,592
uhuru kenyatta,2
uht,433
u haul,8
umbrella,304625
university,647016
ui design,377211
ui elements,255894
ui kit,5385
ui icons,442154
ui buttons,239305
ui icon,442155
ui ux,13816
ui game,20391
ui flat,357802
ui button,239373
ujjain,11
ujung kulon,3
uji,783
ugadi,625
uganda,14448
ugly,82183
ugly woman,6965
ugly man,16169
ugly duckling,620
ugly sweater,1220
uk map,25539
ukraine,227332
uk flag,36794
ukulele,8073
uk map vector,5553
uk money,11656
ukrainian,112627
uk police,831
ukraine flag,20226
uk election,2703
ultrasound,11391
uluru,483
ultrasound baby,5159
ultrasound machine,2682
ultimate frisbee,96
u logo,12718
ultimate,8842
ulcer,5806
ultrasonography,1168
ultrasound scan,5051
umbrella,304625
umbrellas,304698
umbrella icon,86016
umbrella vector,106421
umbrella rain,101689
umbrella beach,96358
umbrella isolated,71267
umbilical cord,1048
umpire,3528
umrah,1705
university,647016
underwater,431743
unicorn,12930
universe,337357
unique,620608
under construction,81441
uniform,741999
unity,421886
underwear,294158
united states map,192513
outdoor,11160232
office,4597187
outsourcing,10271
outdoors,11160278
orange,5721247
outdoor advertising,99686
ocean,2758250
owl,113455
oil,1205361
office interior,395447
update,78061
upgrade,25204
upholstery,43544
upside down,17317
upload,249085
ups,9017386
up arrow,341179
update icon,50381
updates,78083
upload icon,210747
umbrella,304625
university,647016
underwater,431743
urban,2992295
unicorn,12930
universe,337357
usa,1022664
unique,620608
under construction,81441
us map,43672
urban,2992295
urban background,2173196
urban street,1562757
urban city,1756983
urban landscape,878921
urology,3702
urban art,443300
urban design,1307325
urban style,535914
urban grunge,485744
usa,1022664
us map,43672
usa flag,200858
usa map,218246
us flag,72313
user icon,490527
user,584860
usb,69077
using computer,348754
user interface,218835
utilities,119690
utah,78592
utensils,522922
uterus,9692
utility,119665
utopia,2016
utahraptor,210
utah mountains,34875
utrecht,2369
uttarakhand,837
über,25206312
ubud,6661
umbrella,304625
university,647016
underwater,431743
urban,2992295
unicorn,12930
universe,337357
usa,1022664
ubud bali,6396
uv light,10142
uv protection,13802
uv rays,5884
uvula,519
uv icon,4686
uv lamp,1328
uv party,2102
uva uvb,812
uveitis,16
uvb,943
uw madison,19
uwa,21
woman,12433607
wedding,2222970
water,7626198
white,39659660
wood,6575806
world map,1092583
watercolor,1351453
wine,765250
ux design,14786
ux icons,13977
ux icon,13977
uxmal,1252
ux ui,13794
ux elements,7715
ux kit,1684
uxbridge,39
ux vector,14356
ux logo,5212
uyuni,7824
uyghur,203
uyuni bolivia,7660
ui,468174
yoga,350851
ui design,377211
ui elements,255894
ui kit,5385
ui icons,442154
yogurt,182461
uzbekistan,15243
uzbek,8680
uzi,579
uzbekistan flag,3952
uzbek cuisine,3843
uzbek ornament,1767
uzbek food,4719
uzbekistan map,1899
uzbek pattern,1928
uzbekistan people,659
valentines day,1510712
valentine,2478184
vacation,3844022
valentines,2478660
valentine's day,423246
valentine day love beautiful,576837
van,102995
valentine day,1511036
value,346179
valentine background,1857296
vbs,20
vb logo,182
vba,7
v background,23086
background,56850393
business,15033414
beach,2749201
banner,5770706
baby,1894660
beer,301855
vcr,3726
vcard,188
vc logo,159
v card,6123
vcard icon,138
vcu,2
vct,47
v check,1093
coffee,1764612
car,1226615
vdi,17
vdsl,62
vdv,668
vdo,591
vdu,82
v design,27798
v d,1659
v day,1750
dog,911428
design,32018914
vector,22142226
vegetables,3862111
vector background,14356426
venice,103182
vectors,22157453
vector design,16548039
vegetable,3862845
vegas,75792
vegan,596732
veterinarian,57545
vfx,325
vfw,35
vfd,10
v for vendetta,69
v for victory,7020
v formation,499
v fingers,4894
v festival,774
v face,2135
v finger,4894
vga,2647
vga cable,1534
vga card,1163
v guitar,296
v green,6084
grass,3992985
golf,120060
globe,941705
garden,4926276
gym,586885
vhs,3749
vhs tape,2964
vhs player,313
v hand,8495
vhs tapes,2964
vhs noise,286
vhs to dvd,385
vhf,743
vhs cassette,2789
vhf radio,522
vintage,10976627
vintage background,10958850
vision,607610
vintage frame,7097540
video,537336
vietnam,143150
vintage label,1260445
vintage pattern,7980908
vineyard,147536
vintage flowers,1879556
vj day,22
vga,2647
vga cable,1534
vg,262
vintage,10976627
valentines day,1510712
vector,22142226
vga card,1163
vegetables,3862111
v guitar,296
vk icon,140
vk icons,140
vk logo,146
vector,22142226
vegetables,3862111
vector background,14356426
venice,103182
vectors,22157453
vector design,16548039
vegetable,3862845
v logo,15461
vladivostok,2675
vladimir putin,178
v letter,27228
vlog,950
vladimir,5215
vladimir city,2220
v logos,15475
vlissingen,499
vladimir lenin,575
vmware,3
vintage,10976627
vm logo,173
valentines day,1510712
vector,22142226
vms,2
event,1999575
vegetables,3862111
events,1999579
vintage background,10958850
v neck t shirt,1618
v neck,2676
v neck shirt,1931
vnd,104
vnukovo,44
v neck sweater,441
v neck t shirt template,1011
v neck dress,639
v neck t shirt vector,674
vintage,10976627
volleyball,34100
volunteer,52081
voucher,56732
vote,282317
volcano,137730
voice,216139
vodka,83670
voting,282283
volunteers,52081
volunteering,52080
vpn,1220
vps,113
vpn icon,660
v pattern,4996
vpl,0
vpp,1
vps hosting,101
vpn icons,660
vp logo,172
vintage,10976627
valentines day,1510712
vcr,3726
vector,22142226
vegetables,3862111
vc,343
vintage background,10958850
vcard,188
valentine,2478184
vision,607610
vrindavan,871
vr headset,17507
vr glasses,18147
vranov,167
vrs,14
vr goggles,10035
vroom,3604
vr helmet,7166
vr icon,2517
vr logo,898
v sign,27079
vs icon,2390
vsat,14
vs logo,613
vs vector,3493
v shape,12538
v symbol,29165
vs infographic,201
vs fight,1266
vs soccer,3615
v twin,260
vtc,3
vt logo,166
v t shirt,2053
vintage,10976627
valentines day,1510712
vector,22142226
travel,8563199
vegetables,3862111
tree,7003409
vulture,13519
vulnerability,19241
vulnerable,19241
vulnerability technology,3062
vulcan,7731
vultures,13519
vukovar,163
vuitton,24
vulture isolated,2344
vulgar,7332
v vector,23893
v victory,7020
vv logo,166
www,772243
background,56850393
easter,818115
ww2,9645
flowers,8632483
business,15033414
woman,12433607
vw bus,77
vw beetle,56
vw van,81
vw camper,57
vw car,141
vw golf,5
vw camper van,56
vw bug,33
vw transporter,108
vw caddy,0
x,309337
xray,43482
x-ray,97810
x ray,97810
xmas,2438458
x logo,15272
xbox,201
xylophone,4616
xian,2960
xmas tree,760387
vyborg,1356
vyšehrad,12
vytis,36
vyatka,134
vintage,10976627
vintage background,10958850
vitamins,2187474
vision,607610
vintage frame,7097540
video,537336
vs,22025
vintage,10976627
v sign,27079
valentines day,1510712
vector,22142226
vs icon,2390
vegetables,3862111
vsat,14
vintage background,10958850
vs logo,613
water,7626198
watercolor,1351453
water splash,1402919
wall,5869278
wave,3562897
waves,3562767
wallpaper,10758202
warehouse,175161
waterfall,276038
watch,638996
wbc,606
wbs,44
w barcelona,39
wb logo,154
wb yeats,2
wc icon,65956
wc sign,53244
wc icons,42804
wc symbol,65458
wc signs,33717
wc door,20497
wc paper,14459
wc vector,32905
wc logo,2059
w c,1991
wd 40,2
udaipur,1320
udon,9916
udder,19833
udon thani,1703
ud,715
udon noodles,7453
udine,579
udder cow,17784
udders,19833
wedding,2222970
wedding invitation,1007035
website,2612215
welcome,301871
web design,6560607
wellness,1388289
web,8391664
weight loss,194499
website template,2291706
wedding card,1007050
wf logo,152
w font,15006
white,39659660
white background,28855656
wheat,723944
whale,42906
wheelchair,48013
white wood,2757887
whiskey,74113
wheel,966858
wheat field,226342
whatsapp,679
wine,765250
winter,3879190
window,1554741
winner,636118
wings,1200250
wine glass,434524
win,738005
wind,987119
wine bottle,226701
wifi,208241
wg,218
w logo,14117
w letter,26447
wlan,7252
w logos,14122
w letter logo,13300
w logo design,12908
woman,12433607
wedding,2222970
water,7626198
white,39659660
wms,34
wmd,128
w monogram,3347
wmc,2
wm logo,214
wmf,16
w m logo,924
w m,2119
wnba,75
wine,765250
wnba,75
awning,16792
awnings,16798
woman,12433607
wedding,2222970
water,7626198
white,39659660
wood,6575806
world map,1092583
watercolor,1351453
woman,12433607
wood,6575806
world map,1092583
wood texture,1990374
world,2220871
wood background,4683241
women,12436911
work,5656329
wolf,64109
woman face,6380955
wpc,16
wpa,213
wpp,0
wps,24
wp logo,156
w pattern,11564
online shopping,286349
online,1348145
onion,753025
online marketing,332504
wc,61711
woman,12433607
wedding,2222970
water,7626198
white,39659660
wood,6575806
world map,1092583
watercolor,1351453
wine,765250
wood texture,1990374
writing,1751243
writer,91533
wreath,337724
wrestling,13783
wrench,211342
wrap,312303
write,1751202
wrinkles,388232
wrapping paper,635461
wraps,312304
wsop,45
ws logo,153
wsbk,41
wsu,6
w symbol,25299
wtf,1756
wtc,1464
wto,141
wtf face,691
woman,12433607
wedding,2222970
untidy room,1728
water,7626198
white,39659660
untangle,434
wushu,2046
wurst,15456
wuhan,545
würzburg,716
wuthering heights,12
wuxi,707
wuppertal,218
wu tang,28
wurlitzer,7
wuzhen,712
wvu,26
w vector,20793
woman,12433607
wedding,2222970
water,7626198
white,39659660
wood,6575806
world map,1092583
watercolor,1351453
wine,765250
www,772243
ww2,9645
wwe,5
www icon,597270
wwii,10542
ww1,1890
wwf,412
ww2 soldier,6480
ww2 planes,1535
wwi,3010
wyoming,33376
wyoming landscape,17335
wyoming ranch,882
wyoming mountains,14168
wynn las vegas,35
wyoming flag,902
wyoming map,2094
wynn,96
wye valley,257
wyvern,256
ws,275
wsop,45
ws logo,153
wsbk,41
wsu,6
w symbol,25299
woman,12433607
wedding,2222970
water,7626198
white,39659660
xanthi,265
xanax,28
xanthan gum,48
x and o,2765
xabi alonso,0
xavier dolan,0
xanadu,110
xalapa,37
xanthi greece,259
xanthi carnival,0
xbox,201
xbox one,15
xbox 360,22
x banner,21004
xbox controller,149
x box,31501
xbox kinect,5
x background,166456
xbox one controller,8
xbox control,112
x chromosome,792
xchange,59
x cross,16242
x check,9815
x circle,17193
x,309337
xray,43482
x-ray,97810
x ray,97810
xmas,2438458
x design,81634
xerox,720
xenophobia,337
xenon,2760
xerox machine,546
xena,11
xerxes,1678
xerox texture,349
xenops,36
xero,31
xenon light,1571
x factor,294
x files,4009
x fonts,15484
x font,15484
x games,2923
x game,2923
x generation,4551
xhosa,388
xhosa ladies,6
x,309337
xray,43482
x-ray,97810
x ray,97810
xmas,2438458
x logo,15272
xbox,201
xylophone,4616
xian,2960
xinjiang,3115
xi jinping,5
x icon,47955
xiamen,1101
xi'an,4150
xian china,2375
xix,2130
xiao long bao,347
xix century,1825
x logo,15272
x letter,30324
xls,1538
xls icon,1533
x logos,15296
xlr,478
xlix,117
xlr cable,385
xl size,1999
xl logo,201
xmas,2438458
xmas tree,760387
xmas background,1921726
xml,4099
xmas pattern,541819
xmas card,944486
xmas vector,747370
xmas decoration,1697769
x marks the spot,501
x men,57823
nature,25855119
new york,152768
newspaper,188351
news,338253
network,2328899
numbers,1510412
notebook,1300512
nude,241024
nurse,352705
new york city,108746
xochimilco,65
x o,2765
x out,309337
xo sauce,57
xochicalco,62
xo pattern,110
xo game,567
x o game,800
xo logo,160
xuan paper,141
x pattern,31054
xpress,35
xperia,31
xperia z3,3
xplosion,21
x paint,3048
x,309337
xray,43482
x-ray,97810
x ray,97810
xmas,2438458
x logo,15272
xbox,201
xylophone,4616
xian,2960
xmas tree,760387
xray,43482
x-ray,97810
x ray,97810
xray machine,1584
xray icon,4264
xray flower,189
xray hand,6409
x-ray images,28153
x rays,97838
x ray machine,3998
x symbol,64994
xs and os,79
x shape,34349
x sign,45532
x stand,8953
x stamp,2508
x sketch,3891
csr,4326
x,309337
xray,43482
xtreme,1076
xtreme sports,875
xtreme sport,875
xtc,127
xtreme logo,31
xterra,8
xtreme bike,145
x trucks for sale,5
x,309337
xray,43482
xuan paper,141
xunantunich,165
xuan,291
x,309337
xray,43482
x-ray,97810
x ray,97810
xmas,2438458
x logo,15272
xbox,201
x vector,64431
xv years,4
x,309337
xray,43482
x-ray,97810
x ray,97810
xmas,2438458
x logo,15272
xbox,201
xylophone,4616
x wing,1022
xxl,6181
xxxx,25
xxl icon set,381
xxxxx,23
xxi,69
x x x,309576
x,309337
xray,43482
x-ray,97810
x ray,97810
xylophone,4616
xylitol,138
xylophone isolated,2132
xyz,415
xylem,922
xylem phloem,557
xylophone cartoon,676
x y,3956
x y axis,153
xylem and phloem,557
xzibit,0
x symbol,64994
xs and os,79
xs,779
x shape,34349
x sign,45532
x stand,8953
x stamp,2508
x sketch,3891
yacht,205700
yarn,119960
yachting,205766
yachts,205768
yard,275277
yard sale,7966
yak,6244
yawn,33344
yahoo,113
yangon,6241
ybor city,11
ybor,12
ibiza,8350
ibiza party,1075
ibm,123
ibiza beach,4877
ibex,4431
ibs,961
ibiza sunset,1287
ibis,6765
y chromosome,475
icons,16947822
ice cream,296878
icon,16947946
ice,1634102
icon set,4507431
iceberg,51294
iceland,88074
icons set,4507454
ice cream cone,60122
idea,4419543
ideas,4419524
identity,866922
id card,57683
idea concept,3226193
id,108719
idea icon,1524929
identity theft,13643
ideas concept,3226168
identity template,452602
yellow background,7097632
yellow,9876926
yellow flowers,1673788
year of the goat,14319
yes,185521
yellow flower,1788905
yellowstone,26414
yeti,3301
yemen,14312
yellow brick road,6117
y fronts,647
iftar,10881
iftar food,6908
ifc,757
ifrs,81
iftar party,1158
iftar buffet,9
if not now when,1410
if then,99778537
iftar dinner,2664
yggdrasil,115
y generation,2479
gym,586885
igloo,3228
grass,3992985
golf,120060
gymnastics,194625
globe,941705
iguana,23231
garden,4926276
hydrangea,43352
hypertension,11734
heart,2381434
house,3767063
i have a dream,12454
hygiene,732099
hipster,936022
hand,9692707
i heart,2381434
home,4669118
yin yang,18528
ying yang,6728
yield,64106
yin yang symbol,12670
yin and yang,18528
yield sign,6332
ying yang symbol,5770
yin yang vector,8447
ying and yang,6728
yin yoga,3134
ijen,1847
ijsselmeer,1699
kyoto,40543
y chromosome,475
kitchen,2239191
kids,2745841
ikat,24781
kyrgyzstan,11380
ikat pattern,24624
ikea,719
kyiv,11388
kids playing,751696
ylang ylang,1715
y logo,11561
ylang,1714
y letter,23644
ylang ylang flower,1620
ylang ylang oil,1138
y logos,11561
ylang ylang essential oil,978
illustration,30250108
illustration light colors,2898433
ymca,35
ym logo,143
imac,2772
imagination,778908
immigration,81820
impact,71336
image,8580103
improvement,495758
images,8580107
impossible,27793
infographics,911351
infographic,911349
innovation,879662
india,537242
invitation,2214103
insurance,357339
internet,5561398
interior design,1843442
interior,2880066
information technology,1506319
yoga,350851
yogurt,182461
young people,9217536
youth,1780808
youtube,705
young couple,2446374
young man,3282393
young,12891372
young woman,8879702
yoga poses,123554
ypres,520
ypsilanti michigan,16
y person,3783
ipad,7229
iphone,8350
iphone 6,1506
ipod,457
iphone hand,155633
ipad mini,285
ipad air,571
question mark,165469
quality,1060406
quotes,377444
question,357321
quicksand,549
questions,357317
quote,377444
quiz,26714
queen,176026
quinoa,14722
ireland,127826
urban,2992295
iron,1139869
irish,131212
iran,38430
iron man,49117
iris,84041
irrigation,46911
ironman,1038
iraq,20749
ystad,154
ysl,0
y shirts,587
ies,3691
istanbul,60744
island,1466390
islamic,486955
isometric,151517
israel,111813
islamic pattern,244990
yttrium,157
y tree,1765
hythe,43
italy,957072
italian food,735741
italian,1167837
it support,365125
italian flag,24343
italy map,21983
it security,1533777
yummy,430538
yucatán,13748
yucca,6834
yurt,2100
yuzuru hanyu,0
yuzu,575
yuan,19697
yukon,3100
yunnan,11452
yum,25166
yves saint laurent,40
yvr,51
y vector,17189
ivy,66567
ivf,1693
iv,9727
iv bag,2301
ivory,57910
ivory coast,4846
iv drip,5416
ywca,2
wyoming,33376
yoga,350851
woman,12433607
wedding,2222970
iwatch,686
wyoming landscape,17335
water,7626198
white,39659660
wood,6575806
icons,16947822
ice cream,296878
icon,16947946
ice,1634102
icon set,4507431
ixtapa,124
iceberg,51294
iceland,88074
icons set,4507454
ice cream cone,60122
i icon,16947946
iit,24
ii,25579
ii world war,9296
iihf,67
ii logo,502
ii war,9667
i icons,16947822
iittala,17
i initial logo,127019
ystad,154
ysl,0
izakaya,437
iznik,1247
ys,204
izhevsk,222
izola,122
y shirts,587
izumo,358
izrael,155
zanzibar,6130
zap,10834
zagreb,5717
zambia,13440
zakynthos,10862
zadar,2097
zagreb croatia,5173
zaha hadid,51
zayn malik,0
zadar croatia,2041
sb,459
sb logo,181
sba,91
sberbank,7
sbb,14
s b,3473
sbs,41
s background,885439
s b logo,729
z card,6083
school,2234477
science,2121904
scale,464646
scissors,225457
scroll,678539
scientist,143996
scarf,342003
scrapbook,780691
school bus,39924
z design,26287
sd card,5563
sdk,117
sd,6910
sdn,76
sds,95
sdlc,101
sd logo,494
sd card icon,3108
sdf,86
zebra,69476
zen,447011
zentangle,78183
zen garden,96839
zero,62409
zebra pattern,26712
zeus,4679
zebra print,12215
zeppelin,2996
zen stones,120348
z fold,876
z fold brochure,453
z fold leaflet,413
sf,12326
sf giants,22
sfp,358
s font,43538
sf logo,238
sfo,99
sfo airport,26
z generation,708
sg logo,232
sg,440
sg 50,11
sgs,10
sgx,3
sgt pepper,2
sgi,5
grass,3992985
golf,120060
zhangjiajie,2224
zhengzhou,241
zhuhai,111
zhejiang,2414
zhang ziyi,0
zheng he,13
zhongshan,180
zhou dynasty,53
zhengzhou china,184
zhukov,139
zipper,41740
zip,31536
zig zag,38406
zipline,381
zinc,42336
zip line,2318
zimbabwe,20250
zig zag pattern,34841
zigzag,125267
zion national park,8923
sj,202
sj logo,156
sky,8631275
skull,227819
skyline,681924
skateboard,55359
sketch,2362026
skin,2279165
sky clouds,3304542
skiing,182060
skin care,878488
ski,182060
z logo,13380
zlatan,1
z letter,33796
złoty,5061
zlatibor,785
z logos,13380
sleep,448118
sleeping,448114
slot machine,12075
zebra,69476
smile,7974106
smoke,1120077
smartphone,673650
small business,207714
smoothie,133174
smart phone,702475
smiley face,110429
smoking,1120117
smart,1468947
smoothies,133171
znojmo,209
snow,2353324
zone,153063
snake,124189
snowflakes,1033606
snacks,3156913
sneakers,114869
snowflake,1033427
snowman,129930
nature,25855119
zombie,63191
zoo,464253
zodiac,163623
zombies,63197
zoom,254220
zodiac signs,131815
zoo animals,441529
zombie hand,21918
zone,153063
zombie vector,27028
spring,6688954
spa,1127525
sports,3539363
space,8914988
sport,3539366
splash,1353648
spring background,4535443
speed,1374191
speech bubble,684340
spring flowers,3382030
square,3071526
squirrel,59380
zebra,69476
zen,447011
zombie,63191
zoo,464253
square pattern,1244566
squares,3071560
zumba,716
zodiac,163623
zrenjanin,146
sri lanka,42814
ribbon,1929125
sriracha,1172
sri lanka flag,3745
srinagar,1568
road,2078385
sri lanka beach,9991
running,781050
restaurant,2446105
ssl,5000
ssd,1580
ss,2360
ss logo,240
zebra,69476
zen,447011
zombie,63191
ssh,172
ss great britain,36
zoo,464253
zte,8
zz top,2
stamp,1334485
stars,2871524
strawberry,668164
star,2871478
students,1603905
street,2054670
student,1603946
sticker,1424784
zumba,716
zürich,7109
zucchini,100437
zumba dance,638
zumba fitness,529
zulu,2990
zumba class,225
zuckerberg,4
zucchini isolated,21288
zucchini pasta,5607
zvolen,71
zvartnots,106
z vector,22716
svalbard,6371
svg,1140
sveti stefan,2300
vintage,10976627
svaneti,5619
sverige,1314
s vector,434261
zwolle,305
swimming pool,252279
swimming,745172
swirl,1644819
sweets,5629674
swirls,1645033
sword,104388
swoosh,34825
switzerland,141730
swimmer,56120
zx spectrum,4
sxsw,290
sxs,191
sx,244
sxsw 2015,0
zygote,1135
zynga,0
zydeco,8
zytglogge,86
xylophone,4616
zipper,41740
xylitol,138
sydney,21121
zip,31536
zig zag,38406
zzz,1917
zz top,2
zzzz,16
ssl,5000
zebra,69476
zen,447011
zombie,63191
ssd,1580
ss,2360
zoo,464253
